pose,take,hand,wall_time,WRIST_x,WRIST_y,WRIST_z,THUMB_CMC_x,THUMB_CMC_y,THUMB_CMC_z,THUMB_MCP_x,THUMB_MCP_y,THUMB_MCP_z,THUMB_IP_x,THUMB_IP_y,THUMB_IP_z,THUMB_TIP_x,THUMB_TIP_y,THUMB_TIP_z,INDEX_FINGER_MCP_x,INDEX_FINGER_MCP_y,INDEX_FINGER_MCP_z,INDEX_FINGER_PIP_x,INDEX_FINGER_PIP_y,INDEX_FINGER_PIP_z,INDEX_FINGER_DIP_x,INDEX_FINGER_DIP_y,INDEX_FINGER_DIP_z,INDEX_FINGER_TIP_x,INDEX_FINGER_TIP_y,INDEX_FINGER_TIP_z,MIDDLE_FINGER_MCP_x,MIDDLE_FINGER_MCP_y,MIDDLE_FINGER_MCP_z,MIDDLE_FINGER_PIP_x,MIDDLE_FINGER_PIP_y,MIDDLE_FINGER_PIP_z,MIDDLE_FINGER_DIP_x,MIDDLE_FINGER_DIP_y,MIDDLE_FINGER_DIP_z,MIDDLE_FINGER_TIP_x,MIDDLE_FINGER_TIP_y,MIDDLE_FINGER_TIP_z,RING_FINGER_MCP_x,RING_FINGER_MCP_y,RING_FINGER_MCP_z,RING_FINGER_PIP_x,RING_FINGER_PIP_y,RING_FINGER_PIP_z,RING_FINGER_DIP_x,RING_FINGER_DIP_y,RING_FINGER_DIP_z,RING_FINGER_TIP_x,RING_FINGER_TIP_y,RING_FINGER_TIP_z,PINKY_MCP_x,PINKY_MCP_y,PINKY_MCP_z,PINKY_PIP_x,PINKY_PIP_y,PINKY_PIP_z,PINKY_DIP_x,PINKY_DIP_y,PINKY_DIP_z,PINKY_TIP_x,PINKY_TIP_y,PINKY_TIP_z
thumbs_up,1,left,1782948404.7297482,0.000000,0.000000,0.000000,0.025477,-0.012045,-0.022235,0.041164,-0.015645,-0.044199,0.054833,-0.022370,-0.072180,0.058121,-0.030011,-0.093755,0.020170,0.003226,-0.081594,0.020183,-0.033691,-0.081751,0.018297,-0.033783,-0.060198,0.017100,-0.021095,-0.046527,0.000000,0.003975,-0.081300,0.000000,-0.038524,-0.094851,0.000000,-0.042009,-0.071635,0.000000,-0.031779,-0.054855,-0.017000,0.001900,-0.076400,-0.018873,-0.037449,-0.092491,-0.016401,-0.042981,-0.071250,-0.014718,-0.032850,-0.056785,-0.033100,-0.003774,-0.068300,-0.036537,-0.035078,-0.077352,-0.033649,-0.040314,-0.061748,-0.031243,-0.030352,-0.052382
thumbs_up,1,right,1782948404.7300763,0.000000,0.000000,0.000000,-0.025477,-0.012045,-0.022235,-0.039835,-0.018391,-0.044485,-0.047660,-0.029873,-0.073154,-0.040604,-0.041212,-0.092030,-0.020170,0.003226,-0.081594,-0.020183,-0.033691,-0.081751,-0.018296,-0.033783,-0.060198,-0.017099,-0.021095,-0.046527,0.000000,0.003975,-0.081300,0.000000,-0.037920,-0.096617,0.000000,-0.042611,-0.073614,0.000000,-0.033293,-0.056312,0.017000,0.001900,-0.076400,0.017865,-0.039907,-0.084289,0.015458,-0.040198,-0.062335,0.014196,-0.026758,-0.050823,0.033100,-0.003774,-0.068300,0.038173,-0.033237,-0.081714,0.035028,-0.041454,-0.067508,0.031755,-0.033945,-0.056299
thumbs_up,1,left,1782948404.931055,0.000000,0.000000,0.000000,0.025477,-0.012045,-0.022235,0.041157,-0.016103,-0.044124,0.054164,-0.023653,-0.072211,0.055833,-0.032137,-0.093656,0.020170,0.003226,-0.081594,0.020183,-0.033691,-0.081751,0.018297,-0.033783,-0.060198,0.017100,-0.021095,-0.046527,0.000000,0.003975,-0.081300,0.000000,-0.038849,-0.093786,0.000000,-0.041633,-0.070475,0.000000,-0.030893,-0.054018,-0.017000,0.001900,-0.076400,-0.018486,-0.038475,-0.089760,-0.016078,-0.042095,-0.068104,-0.014581,-0.030632,-0.054646,-0.033100,-0.003774,-0.068300,-0.035854,-0.035613,-0.075541,-0.032949,-0.039689,-0.059599,-0.030838,-0.028967,-0.051035
thumbs_up,1,right,1782948404.9312663,0.000000,0.000000,0.000000,-0.025477,-0.012045,-0.022235,-0.039777,-0.018610,-0.044459,-0.047174,-0.030449,-0.073097,-0.039441,-0.041940,-0.091612,-0.020170,0.003226,-0.081594,-0.020183,-0.033691,-0.081751,-0.018296,-0.033783,-0.060198,-0.017099,-0.021095,-0.046527,0.000000,0.003975,-0.081300,0.000000,-0.037920,-0.096617,0.000000,-0.042611,-0.073614,0.000000,-0.033293,-0.056312,0.017000,0.001900,-0.076400,0.017708,-0.040124,-0.083060,0.015374,-0.039760,-0.061099,0.014193,-0.025983,-0.049983,0.033100,-0.003774,-0.068300,0.037822,-0.033703,-0.080776,0.034630,-0.041269,-0.066223,0.031507,-0.033155,-0.055399
thumbs_up,1,left,1782948405.1516654,0.000000,0.000000,0.000000,0.025477,-0.012045,-0.022235,0.041143,-0.016605,-0.044036,0.053403,-0.025043,-0.072205,0.053304,-0.034352,-0.093370,0.020170,0.003226,-0.081594,0.020183,-0.033691,-0.081751,0.018297,-0.033783,-0.060198,0.017100,-0.021095,-0.046527,0.000000,0.003975,-0.081300,0.000000,-0.038771,-0.094052,0.000000,-0.041728,-0.070763,0.000000,-0.031114,-0.054224,-0.017000,0.001900,-0.076400,-0.018383,-0.038724,-0.088995,-0.015996,-0.041832,-0.067257,-0.014550,-0.030038,-0.054084,-0.033100,-0.003774,-0.068300,-0.035632,-0.035759,-0.074953,-0.032728,-0.039470,-0.058922,-0.030714,-0.028531,-0.050614
thumbs_up,1,right,1782948405.1520338,0.000000,0.000000,0.000000,-0.025477,-0.012045,-0.022235,-0.040857,-0.014063,-0.044615,-0.056298,-0.017880,-0.072219,-0.064556,-0.022156,-0.093390,-0.020170,0.003226,-0.081594,-0.020183,-0.033691,-0.081751,-0.018296,-0.033783,-0.060198,-0.017099,-0.021095,-0.046527,0.000000,0.003975,-0.081300,0.000000,-0.037525,-0.097657,0.000000,-0.042955,-0.074817,0.000000,-0.034214,-0.057215,0.017000,0.001900,-0.076400,0.017843,-0.039939,-0.084123,0.015446,-0.040139,-0.062166,0.014195,-0.026653,-0.050708,0.033100,-0.003774,-0.068300,0.037822,-0.033703,-0.080776,0.034630,-0.041269,-0.066223,0.031507,-0.033155,-0.055399
thumbs_up,1,left,1782948405.37151,0.000000,0.000000,0.000000,0.025477,-0.012045,-0.022235,0.041138,-0.016740,-0.044010,0.053192,-0.025415,-0.072197,0.052621,-0.034929,-0.093264,0.020170,0.003226,-0.081594,0.020183,-0.033691,-0.081751,0.018297,-0.033783,-0.060198,0.017100,-0.021095,-0.046527,0.000000,0.003975,-0.081300,0.000000,-0.038349,-0.095389,0.000000,-0.042194,-0.072230,0.000000,-0.032232,-0.055290,-0.017000,0.001900,-0.076400,-0.018434,-0.038602,-0.089375,-0.016036,-0.041963,-0.067676,-0.014565,-0.030331,-0.054362,-0.033100,-0.003774,-0.068300,-0.035632,-0.035759,-0.074953,-0.032728,-0.039470,-0.058922,-0.030714,-0.028531,-0.050614
thumbs_up,1,right,1782948405.3725538,0.000000,0.000000,0.000000,-0.025477,-0.012045,-0.022235,-0.041070,-0.012777,-0.044546,-0.058411,-0.014176,-0.071236,-0.070443,-0.015515,-0.090937,-0.020170,0.003226,-0.081594,-0.020183,-0.033691,-0.081751,-0.018296,-0.033783,-0.060198,-0.017099,-0.021095,-0.046527,0.000000,0.003975,-0.081300,0.000000,-0.037098,-0.098701,0.000000,-0.043284,-0.076054,0.000000,-0.035151,-0.058164,0.017000,0.001900,-0.076400,0.017961,-0.039763,-0.085011,0.015512,-0.040445,-0.063070,0.014201,-0.027214,-0.051324,0.033100,-0.003774,-0.068300,0.037822,-0.033703,-0.080776,0.034630,-0.041269,-0.066223,0.031507,-0.033155,-0.055399
thumbs_up,1,left,1782948405.5728512,0.000000,0.000000,0.000000,0.025477,-0.012045,-0.022235,0.041140,-0.016677,-0.044022,0.053290,-0.025244,-0.072201,0.052937,-0.034664,-0.093315,0.020170,0.003226,-0.081594,0.020183,-0.033691,-0.081751,0.018297,-0.033783,-0.060198,0.017100,-0.021095,-0.046527,0.000000,0.003975,-0.081300,0.000000,-0.038349,-0.095389,0.000000,-0.042194,-0.072230,0.000000,-0.032232,-0.055290,-0.017000,0.001900,-0.076400,-0.018434,-0.038602,-0.089375,-0.016036,-0.041963,-0.067676,-0.014565,-0.030331,-0.054362,-0.033100,-0.003774,-0.068300,-0.035854,-0.035613,-0.075541,-0.032949,-0.039689,-0.059599,-0.030838,-0.028967,-0.051035
thumbs_up,1,right,1782948405.5731938,0.000000,0.000000,0.000000,-0.025477,-0.012045,-0.022235,-0.040845,-0.014150,-0.044615,-0.056153,-0.018130,-0.072271,-0.064178,-0.022579,-0.093495,-0.020170,0.003226,-0.081594,-0.020183,-0.033691,-0.081751,-0.018296,-0.033783,-0.060198,-0.017099,-0.021095,-0.046527,0.000000,0.003975,-0.081300,0.000000,-0.037098,-0.098701,0.000000,-0.043284,-0.076054,0.000000,-0.035151,-0.058164,0.017000,0.001900,-0.076400,0.017961,-0.039763,-0.085011,0.015512,-0.040445,-0.063070,0.014201,-0.027214,-0.051324,0.033100,-0.003774,-0.068300,0.037822,-0.033703,-0.080776,0.034630,-0.041269,-0.066223,0.031507,-0.033155,-0.055399
thumbs_up,1,left,1782948405.7842495,0.000000,0.000000,0.000000,0.025477,-0.012045,-0.022235,0.041142,-0.016615,-0.044034,0.053387,-0.025072,-0.072204,0.053252,-0.034397,-0.093363,0.020170,0.003226,-0.081594,0.020183,-0.033691,-0.081751,0.018297,-0.033783,-0.060198,0.017100,-0.021095,-0.046527,0.000000,0.003975,-0.081300,0.000000,-0.038349,-0.095389,0.000000,-0.042194,-0.072230,0.000000,-0.032232,-0.055290,-0.017000,0.001900,-0.076400,-0.018538,-0.038344,-0.090143,-0.016120,-0.042223,-0.068533,-0.014598,-0.030932,-0.054934,-0.033100,-0.003774,-0.068300,-0.036193,-0.035364,-0.076438,-0.033292,-0.040008,-0.060651,-0.031034,-0.029646,-0.051692
thumbs_up,1,right,1782948405.784462,0.000000,0.000000,0.000000,-0.025477,-0.012045,-0.022235,-0.040320,-0.016513,-0.044622,-0.051657,-0.024791,-0.073223,-0.051092,-0.033957,-0.094443,-0.020170,0.003226,-0.081594,-0.020183,-0.033691,-0.081751,-0.018296,-0.033783,-0.060198,-0.017099,-0.021095,-0.046527,0.000000,0.003975,-0.081300,0.000000,-0.037098,-0.098701,0.000000,-0.043284,-0.076054,0.000000,-0.035151,-0.058164,0.017000,0.001900,-0.076400,0.017961,-0.039763,-0.085011,0.015512,-0.040445,-0.063070,0.014201,-0.027214,-0.051324,0.033100,-0.003774,-0.068300,0.037822,-0.033703,-0.080776,0.034630,-0.041269,-0.066223,0.031507,-0.033155,-0.055399
thumbs_up,1,left,1782948405.9943955,0.000000,0.000000,0.000000,0.025477,-0.012045,-0.022235,0.041151,-0.016347,-0.044082,0.053798,-0.024330,-0.072213,0.054605,-0.033229,-0.093539,0.020170,0.003226,-0.081594,0.020183,-0.033691,-0.081751,0.018297,-0.033783,-0.060198,0.017100,-0.021095,-0.046527,0.000000,0.003975,-0.081300,0.000000,-0.038349,-0.095389,0.000000,-0.042194,-0.072230,0.000000,-0.032232,-0.055290,-0.017000,0.001900,-0.076400,-0.018538,-0.038344,-0.090143,-0.016120,-0.042223,-0.068533,-0.014598,-0.030932,-0.054934,-0.033100,-0.003774,-0.068300,-0.036193,-0.035364,-0.076438,-0.033292,-0.040008,-0.060651,-0.031034,-0.029646,-0.051692
thumbs_up,1,right,1782948406.0049849,0.000000,0.000000,0.000000,-0.025477,-0.012045,-0.022235,-0.040092,-0.017416,-0.044574,-0.049776,-0.027263,-0.073284,-0.045951,-0.037673,-0.093573,-0.020170,0.003226,-0.081594,-0.020183,-0.033691,-0.081751,-0.018296,-0.033783,-0.060198,-0.017099,-0.021095,-0.046527,0.000000,0.003975,-0.081300,0.000000,-0.037098,-0.098701,0.000000,-0.043284,-0.076054,0.000000,-0.035151,-0.058164,0.017000,0.001900,-0.076400,0.017961,-0.039763,-0.085011,0.015512,-0.040445,-0.063070,0.014201,-0.027214,-0.051324,0.033100,-0.003774,-0.068300,0.037939,-0.033552,-0.081090,0.034762,-0.041336,-0.066650,0.031588,-0.033422,-0.055694
thumbs_up,1,left,1782948406.2040215,0.000000,0.000000,0.000000,0.025477,-0.012045,-0.022235,0.041157,-0.016093,-0.044126,0.054179,-0.023624,-0.072210,0.055884,-0.032090,-0.093660,0.020170,0.003226,-0.081594,0.020183,-0.033691,-0.081751,0.018297,-0.033783,-0.060198,0.017100,-0.021095,-0.046527,0.000000,0.003975,-0.081300,0.000000,-0.038349,-0.095389,0.000000,-0.042194,-0.072230,0.000000,-0.032232,-0.055290,-0.017000,0.001900,-0.076400,-0.018538,-0.038344,-0.090143,-0.016120,-0.042223,-0.068533,-0.014598,-0.030932,-0.054934,-0.033100,-0.003774,-0.068300,-0.036307,-0.035273,-0.076741,-0.033409,-0.040112,-0.061012,-0.031103,-0.029879,-0.051918
thumbs_up,1,right,1782948406.2149458,0.000000,0.000000,0.000000,-0.025477,-0.012045,-0.022235,-0.040003,-0.017760,-0.044547,-0.049039,-0.028192,-0.073262,-0.044032,-0.038978,-0.093092,-0.020170,0.003226,-0.081594,-0.020183,-0.033691,-0.081751,-0.018296,-0.033783,-0.060198,-0.017099,-0.021095,-0.046527,0.000000,0.003975,-0.081300,0.000000,-0.037098,-0.098701,0.000000,-0.043284,-0.076054,0.000000,-0.035151,-0.058164,0.017000,0.001900,-0.076400,0.018080,-0.039572,-0.085876,0.015583,-0.040749,-0.063962,0.014210,-0.027793,-0.051921,0.033100,-0.003774,-0.068300,0.038173,-0.033237,-0.081714,0.035028,-0.041454,-0.067508,0.031755,-0.033945,-0.056299
thumbs_up,1,left,1782948406.4139466,0.000000,0.000000,0.000000,0.025477,-0.012045,-0.022235,0.041159,-0.016012,-0.044140,0.054299,-0.023399,-0.072207,0.056288,-0.031723,-0.093688,0.020170,0.003226,-0.081594,0.020183,-0.033691,-0.081751,0.018297,-0.033783,-0.060198,0.017100,-0.021095,-0.046527,0.000000,0.003975,-0.081300,0.000000,-0.038609,-0.094582,0.000000,-0.041913,-0.071339,0.000000,-0.031551,-0.054641,-0.017000,0.001900,-0.076400,-0.018538,-0.038344,-0.090143,-0.016120,-0.042223,-0.068533,-0.014598,-0.030932,-0.054934,-0.033100,-0.003774,-0.068300,-0.036307,-0.035273,-0.076741,-0.033409,-0.040112,-0.061012,-0.031103,-0.029879,-0.051918
thumbs_up,1,right,1782948406.4351273,0.000000,0.000000,0.000000,-0.025477,-0.012045,-0.022235,-0.039943,-0.017987,-0.044526,-0.048546,-0.028801,-0.073233,-0.042782,-0.039807,-0.092734,-0.020170,0.003226,-0.081594,-0.020183,-0.033691,-0.081751,-0.018296,-0.033783,-0.060198,-0.017099,-0.021095,-0.046527,0.000000,0.003975,-0.081300,0.000000,-0.037098,-0.098701,0.000000,-0.043284,-0.076054,0.000000,-0.035151,-0.058164,0.017000,0.001900,-0.076400,0.018121,-0.039503,-0.086167,0.015607,-0.040849,-0.064264,0.014214,-0.027988,-0.052123,0.033100,-0.003774,-0.068300,0.038173,-0.033237,-0.081714,0.035028,-0.041454,-0.067508,0.031755,-0.033945,-0.056299
thumbs_up,1,left,1782948406.6140754,0.000000,0.000000,0.000000,0.025477,-0.012045,-0.022235,0.041161,-0.015882,-0.044161,0.054490,-0.023035,-0.072200,0.056940,-0.031123,-0.093723,0.020170,0.003226,-0.081594,0.020183,-0.033691,-0.081751,0.018297,-0.033783,-0.060198,0.017100,-0.021095,-0.046527,0.000000,0.003975,-0.081300,0.000000,-0.038609,-0.094582,0.000000,-0.041913,-0.071339,0.000000,-0.031551,-0.054641,-0.017000,0.001900,-0.076400,-0.018538,-0.038344,-0.090143,-0.016120,-0.042223,-0.068533,-0.014598,-0.030932,-0.054934,-0.033100,-0.003774,-0.068300,-0.036307,-0.035273,-0.076741,-0.033409,-0.040112,-0.061012,-0.031103,-0.029879,-0.051918
thumbs_up,1,right,1782948406.635486,0.000000,0.000000,0.000000,-0.025477,-0.012045,-0.022235,-0.040042,-0.017610,-0.044559,-0.049363,-0.027788,-0.073274,-0.044873,-0.038416,-0.093313,-0.020170,0.003226,-0.081594,-0.020183,-0.033691,-0.081751,-0.018296,-0.033783,-0.060198,-0.017099,-0.021095,-0.046527,0.000000,0.003975,-0.081300,0.000000,-0.035926,-0.101242,0.000000,-0.044037,-0.079211,0.000000,-0.037527,-0.060668,0.017000,0.001900,-0.076400,0.018555,-0.038697,-0.089061,0.015894,-0.041877,-0.067366,0.014275,-0.030131,-0.054169,0.033100,-0.003774,-0.068300,0.038173,-0.033237,-0.081714,0.035028,-0.041454,-0.067508,0.031755,-0.033945,-0.056299
thumbs_up,1,left,1782948406.8144252,0.000000,0.000000,0.000000,0.025477,-0.012045,-0.022235,0.041163,-0.015763,-0.044180,0.054663,-0.022702,-0.072192,0.057534,-0.030568,-0.093745,0.020170,0.003226,-0.081594,0.020183,-0.033691,-0.081751,0.018297,-0.033783,-0.060198,0.017100,-0.021095,-0.046527,0.000000,0.003975,-0.081300,0.000000,-0.038567,-0.094717,0.000000,-0.041961,-0.071487,0.000000,-0.031665,-0.054748,-0.017000,0.001900,-0.076400,-0.018538,-0.038344,-0.090143,-0.016120,-0.042223,-0.068533,-0.014598,-0.030932,-0.054934,-0.033100,-0.003774,-0.068300,-0.036307,-0.035273,-0.076741,-0.033409,-0.040112,-0.061012,-0.031103,-0.029879,-0.051918
thumbs_up,1,right,1782948406.835539,0.000000,0.000000,0.000000,-0.025477,-0.012045,-0.022235,-0.040486,-0.015823,-0.044639,-0.053039,-0.022869,-0.073061,-0.055042,-0.030846,-0.094671,-0.020170,0.003226,-0.081594,-0.020183,-0.033691,-0.081751,-0.018296,-0.033783,-0.060198,-0.017099,-0.021095,-0.046527,0.000000,0.003975,-0.081300,0.000000,-0.024570,-0.115578,0.000000,-0.044330,-0.102901,0.000000,-0.050958,-0.084401,0.017000,0.001900,-0.076400,0.022799,-0.024806,-0.109020,0.020803,-0.043723,-0.097793,0.017799,-0.048209,-0.080893,0.033100,-0.003774,-0.068300,0.042198,-0.023750,-0.092629,0.041132,-0.039316,-0.086647,0.037182,-0.043141,-0.073899
thumbs_up,1,left,1782948407.0147748,0.000000,0.000000,0.000000,0.025477,-0.012045,-0.022235,0.041166,-0.015431,-0.044232,0.055137,-0.021769,-0.072155,0.059176,-0.028990,-0.093746,0.020170,0.003226,-0.081594,0.020183,-0.033691,-0.081751,0.018297,-0.033783,-0.060198,0.017100,-0.021095,-0.046527,0.000000,0.003975,-0.081300,0.000000,-0.037242,-0.098358,0.000000,-0.043183,-0.075647,0.000000,-0.034853,-0.057848,-0.017000,0.001900,-0.076400,-0.018912,-0.037337,-0.092758,-0.016436,-0.043066,-0.071570,-0.014734,-0.033080,-0.057006,-0.033100,-0.003774,-0.068300,-0.037060,-0.034579,-0.078744,-0.034211,-0.040737,-0.063474,-0.031583,-0.031457,-0.053488
thumbs_up,1,right,1782948407.0358267,0.000000,0.000000,0.000000,-0.025477,-0.012045,-0.022235,-0.039308,-0.020380,-0.044160,-0.043132,-0.034962,-0.072227,-0.030411,-0.046978,-0.087342,-0.020170,0.003226,-0.081594,-0.020183,-0.033691,-0.081751,-0.018296,-0.033783,-0.060198,-0.017099,-0.021095,-0.046527,0.000000,0.003975,-0.081300,0.000000,-0.036462,-0.100131,0.000000,-0.043739,-0.077811,0.000000,-0.036514,-0.059535,0.017000,0.001900,-0.076400,0.017305,-0.040540,-0.079504,0.015198,-0.038309,-0.057630,0.014240,-0.023636,-0.047703,0.033100,-0.003774,-0.068300,0.034689,-0.036235,-0.072475,0.031596,-0.038501,-0.056212,0.029905,-0.026802,-0.048930
thumbs_up,1,left,1782948407.219824,0.000000,0.000000,0.000000,0.025477,-0.012045,-0.022235,0.041166,-0.014976,-0.044297,0.055766,-0.020482,-0.072074,0.061381,-0.026761,-0.093607,0.020170,0.003226,-0.081594,0.020734,-0.033138,-0.087935,0.018844,-0.036869,-0.066708,0.017454,-0.026671,-0.051108,0.000000,0.003975,-0.081300,0.000000,-0.018829,-0.119638,0.000000,-0.041420,-0.113254,0.000000,-0.053508,-0.097759,-0.017000,0.001900,-0.076400,-0.021939,-0.025468,-0.108609,-0.020119,-0.043991,-0.096714,-0.017496,-0.047821,-0.079591,-0.033100,-0.003774,-0.068300,-0.041367,-0.026537,-0.090373,-0.040080,-0.040734,-0.081654,-0.036315,-0.041424,-0.068310
thumbs_up,1,right,1782948407.2409294,0.000000,0.000000,0.000000,-0.025477,-0.012045,-0.022235,-0.038657,-0.022694,-0.043551,-0.037502,-0.040318,-0.070067,-0.019244,-0.050986,-0.079421,-0.020170,0.003226,-0.081594,-0.020183,-0.033691,-0.081751,-0.018296,-0.033783,-0.060198,-0.017099,-0.021095,-0.046527,0.000000,0.003975,-0.081300,0.000000,-0.038887,-0.093655,0.000000,-0.041587,-0.070335,0.000000,-0.030788,-0.053916,0.017000,0.001900,-0.076400,0.017074,-0.040646,-0.077226,0.015121,-0.037235,-0.055491,0.014300,-0.022047,-0.046359,0.033100,-0.003774,-0.068300,0.032479,-0.036495,-0.066681,0.029845,-0.035630,-0.050202,0.029170,-0.022734,-0.045105
thumbs_up,1,left,1782948407.4255111,0.000000,0.000000,0.000000,0.025477,-0.012045,-0.022235,0.040899,-0.019538,-0.043389,0.048232,-0.032851,-0.071389,0.038888,-0.044771,-0.088861,0.020170,0.003226,-0.081594,0.020280,-0.033670,-0.082855,0.018389,-0.034412,-0.061315,0.017156,-0.022142,-0.047272,0.000000,0.003975,-0.081300,0.000000,-0.038043,-0.096277,0.000000,-0.042499,-0.073228,0.000000,-0.033000,-0.056024,-0.017000,0.001900,-0.076400,-0.019267,-0.036286,-0.095041,-0.016763,-0.043751,-0.074404,-0.014895,-0.035118,-0.059018,-0.033100,-0.003774,-0.068300,-0.033539,-0.036518,-0.069449,-0.030791,-0.037133,-0.052978,-0.029668,-0.024743,-0.046818
thumbs_up,1,right,1782948407.4483867,0.000000,0.000000,0.000000,-0.025477,-0.012045,-0.022235,-0.038611,-0.022870,-0.043491,-0.037067,-0.040694,-0.069852,-0.018461,-0.051162,-0.078734,-0.020170,0.003226,-0.081594,-0.020183,-0.033691,-0.081751,-0.018296,-0.033783,-0.060198,-0.017099,-0.021095,-0.046527,0.000000,0.003975,-0.081300,0.000000,-0.039070,-0.093003,0.000000,-0.041354,-0.069637,0.000000,-0.030259,-0.053417,0.017000,0.001900,-0.076400,0.017074,-0.040646,-0.077226,0.015121,-0.037235,-0.055491,0.014300,-0.022047,-0.046359,0.033100,-0.003774,-0.068300,0.032479,-0.036495,-0.066681,0.029845,-0.035630,-0.050202,0.029170,-0.022734,-0.045105
thumbs_up,1,left,1782948407.625676,0.000000,0.000000,0.000000,0.025477,-0.012045,-0.022235,0.040449,-0.021990,-0.042690,0.042899,-0.038761,-0.069667,0.027049,-0.050091,-0.082120,0.020170,0.003226,-0.081594,0.020183,-0.033691,-0.081751,0.018297,-0.033783,-0.060198,0.017100,-0.021095,-0.046527,0.000000,0.003975,-0.081300,0.000000,-0.039034,-0.093133,0.000000,-0.041402,-0.069777,0.000000,-0.030366,-0.053517,-0.017000,0.001900,-0.076400,-0.018375,-0.038743,-0.088933,-0.015990,-0.041812,-0.067189,-0.014548,-0.029993,-0.054038,-0.033100,-0.003774,-0.068300,-0.033193,-0.036540,-0.068543,-0.030490,-0.036670,-0.052054,-0.029516,-0.024103,-0.046236
thumbs_up,1,right,1782948407.6582663,0.000000,0.000000,0.000000,-0.025477,-0.012045,-0.022235,-0.038587,-0.022962,-0.043458,-0.036838,-0.040890,-0.069736,-0.018054,-0.051248,-0.078369,-0.020170,0.003226,-0.081594,-0.020183,-0.033691,-0.081751,-0.018296,-0.033783,-0.060198,-0.017099,-0.021095,-0.046527,0.000000,0.003975,-0.081300,0.000000,-0.039318,-0.092047,0.000000,-0.041015,-0.068632,0.000000,-0.029511,-0.052699,0.017000,0.001900,-0.076400,0.017074,-0.040646,-0.077226,0.015121,-0.037235,-0.055491,0.014300,-0.022047,-0.046359,0.033100,-0.003774,-0.068300,0.032479,-0.036495,-0.066681,0.029845,-0.035630,-0.050202,0.029170,-0.022734,-0.045105
thumbs_up,1,left,1782948407.8468795,0.000000,0.000000,0.000000,0.025477,-0.012045,-0.022235,0.040345,-0.022402,-0.042561,0.041894,-0.039681,-0.069283,0.025073,-0.050651,-0.080745,0.020170,0.003226,-0.081594,0.020183,-0.033691,-0.081751,0.018297,-0.033783,-0.060198,0.017100,-0.021095,-0.046527,0.000000,0.003975,-0.081300,0.000000,-0.039272,-0.092234,0.000000,-0.041080,-0.068827,0.000000,-0.029653,-0.052840,-0.017000,0.001900,-0.076400,-0.018284,-0.038953,-0.088242,-0.015920,-0.041572,-0.066437,-0.014522,-0.029469,-0.053541,-0.033100,-0.003774,-0.068300,-0.032920,-0.036538,-0.067830,-0.030256,-0.036286,-0.051336,-0.029401,-0.023588,-0.045790
thumbs_up,1,right,1782948407.8593743,0.000000,0.000000,0.000000,-0.025477,-0.012045,-0.022235,-0.038727,-0.022434,-0.043636,-0.038145,-0.039750,-0.070372,-0.020424,-0.050689,-0.080421,-0.020170,0.003226,-0.081594,-0.020183,-0.033691,-0.081751,-0.018296,-0.033783,-0.060198,-0.017099,-0.021095,-0.046527,0.000000,0.003975,-0.081300,0.000000,-0.039540,-0.091110,0.000000,-0.040680,-0.067661,0.000000,-0.028795,-0.052009,0.017000,0.001900,-0.076400,0.017074,-0.040646,-0.077226,0.015121,-0.037235,-0.055491,0.014300,-0.022047,-0.046359,0.033100,-0.003774,-0.068300,0.032479,-0.036495,-0.066681,0.029845,-0.035630,-0.050202,0.029170,-0.022734,-0.045105
thumbs_up,1,left,1782948408.0569065,0.000000,0.000000,0.000000,0.025477,-0.012045,-0.022235,0.040361,-0.022339,-0.042581,0.042050,-0.039542,-0.069344,0.025374,-0.050572,-0.080959,0.020170,0.003226,-0.081594,0.020183,-0.033691,-0.081751,0.018297,-0.033783,-0.060198,0.017100,-0.021095,-0.046527,0.000000,0.003975,-0.081300,0.000000,-0.038849,-0.093786,0.000000,-0.041633,-0.070475,0.000000,-0.030893,-0.054018,-0.017000,0.001900,-0.076400,-0.018284,-0.038953,-0.088242,-0.015920,-0.041572,-0.066437,-0.014522,-0.029469,-0.053541,-0.033100,-0.003774,-0.068300,-0.033193,-0.036540,-0.068543,-0.030490,-0.036670,-0.052054,-0.029516,-0.024103,-0.046236
thumbs_up,1,right,1782948408.0674827,0.000000,0.000000,0.000000,-0.025477,-0.012045,-0.022235,-0.039057,-0.021226,-0.043978,-0.041089,-0.036996,-0.071586,-0.026145,-0.048791,-0.084709,-0.020170,0.003226,-0.081594,-0.020183,-0.033691,-0.081751,-0.018296,-0.033783,-0.060198,-0.017099,-0.021095,-0.046527,0.000000,0.003975,-0.081300,0.000000,-0.039540,-0.091110,0.000000,-0.040680,-0.067661,0.000000,-0.028795,-0.052009,0.017000,0.001900,-0.076400,0.017074,-0.040646,-0.077226,0.015121,-0.037235,-0.055491,0.014300,-0.022047,-0.046359,0.033100,-0.003774,-0.068300,0.033494,-0.036523,-0.069336,0.030619,-0.037078,-0.052885,0.029469,-0.024665,-0.046774
thumbs_up,1,left,1782948408.2649815,0.000000,0.000000,0.000000,0.025477,-0.012045,-0.022235,0.040558,-0.021518,-0.042833,0.044009,-0.037680,-0.070072,0.029324,-0.049328,-0.083611,0.020170,0.003226,-0.081594,0.020183,-0.033691,-0.081751,0.018297,-0.033783,-0.060198,0.017100,-0.021095,-0.046527,0.000000,0.003975,-0.081300,0.000000,-0.038731,-0.094184,0.000000,-0.041775,-0.070906,0.000000,-0.031223,-0.054327,-0.017000,0.001900,-0.076400,-0.018391,-0.038704,-0.089058,-0.016003,-0.041854,-0.067327,-0.014553,-0.030087,-0.054130,-0.033100,-0.003774,-0.068300,-0.033847,-0.036474,-0.070262,-0.031063,-0.037527,-0.053819,-0.029808,-0.025307,-0.047352
thumbs_up,1,right,1782948408.2764008,0.000000,0.000000,0.000000,-0.025477,-0.012045,-0.022235,-0.039494,-0.019646,-0.044308,-0.044820,-0.033122,-0.072682,-0.034083,-0.045070,-0.089313,-0.020170,0.003226,-0.081594,-0.020183,-0.033691,-0.081751,-0.018296,-0.033783,-0.060198,-0.017099,-0.021095,-0.046527,0.000000,0.003975,-0.081300,0.000000,-0.039540,-0.091110,0.000000,-0.040680,-0.067661,0.000000,-0.028795,-0.052009,0.017000,0.001900,-0.076400,0.017178,-0.040611,-0.078310,0.015150,-0.037760,-0.056501,0.014266,-0.022812,-0.046988,0.033100,-0.003774,-0.068300,0.034884,-0.036156,-0.072981,0.031762,-0.038700,-0.056764,0.029985,-0.027132,-0.049296
thumbs_up,1,left,1782948408.4713845,0.000000,0.000000,0.000000,0.025477,-0.012045,-0.022235,0.040978,-0.018929,-0.043538,0.049424,-0.031283,-0.071664,0.041826,-0.042959,-0.090119,0.020170,0.003226,-0.081594,0.020183,-0.033691,-0.081751,0.018297,-0.033783,-0.060198,0.017100,-0.021095,-0.046527,0.000000,0.003975,-0.081300,0.000000,-0.038349,-0.095389,0.000000,-0.042194,-0.072230,0.000000,-0.032232,-0.055290,-0.017000,0.001900,-0.076400,-0.018834,-0.037557,-0.092229,-0.016368,-0.042901,-0.070940,-0.014702,-0.032632,-0.056569,-0.033100,-0.003774,-0.068300,-0.036441,-0.035161,-0.077098,-0.033549,-0.040232,-0.061442,-0.031184,-0.030157,-0.052188
thumbs_up,1,right,1782948408.4928603,0.000000,0.000000,0.000000,-0.025477,-0.012045,-0.022235,-0.039512,-0.019579,-0.044320,-0.044973,-0.032954,-0.072715,-0.034423,-0.044886,-0.089478,-0.020170,0.003226,-0.081594,-0.020183,-0.033691,-0.081751,-0.018296,-0.033783,-0.060198,-0.017099,-0.021095,-0.046527,0.000000,0.003975,-0.081300,0.000000,-0.039454,-0.091485,0.000000,-0.040816,-0.068048,0.000000,-0.029083,-0.052283,0.017000,0.001900,-0.076400,0.017280,-0.040553,-0.079320,0.015185,-0.038226,-0.057455,0.014240,-0.023510,-0.047592,0.033100,-0.003774,-0.068300,0.035306,-0.035950,-0.074093,0.032131,-0.039150,-0.058003,0.030160,-0.027921,-0.050080
thumbs_up,1,left,1782948408.6825452,0.000000,0.000000,0.000000,0.025477,-0.012045,-0.022235,0.041056,-0.018107,-0.043729,0.050920,-0.029120,-0.071951,0.045784,-0.040232,-0.091567,0.020170,0.003226,-0.081594,0.020183,-0.033691,-0.081751,0.018297,-0.033783,-0.060198,0.017100,-0.021095,-0.046527,0.000000,0.003975,-0.081300,0.000000,-0.038349,-0.095389,0.000000,-0.042194,-0.072230,0.000000,-0.032232,-0.055290,-0.017000,0.001900,-0.076400,-0.018991,-0.037110,-0.093284,-0.016505,-0.043222,-0.072204,-0.014766,-0.033522,-0.057452,-0.033100,-0.003774,-0.068300,-0.037431,-0.034175,-0.079732,-0.034624,-0.041000,-0.064741,-0.031843,-0.032257,-0.054321
thumbs_up,1,right,1782948408.693558,0.000000,0.000000,0.000000,-0.025477,-0.012045,-0.022235,-0.039542,-0.019469,-0.044338,-0.045227,-0.032673,-0.072769,-0.034991,-0.044573,-0.089748,-0.020170,0.003226,-0.081594,-0.020183,-0.033691,-0.081751,-0.018296,-0.033783,-0.060198,-0.017099,-0.021095,-0.046527,0.000000,0.003975,-0.081300,0.000000,-0.039271,-0.092234,0.000000,-0.041080,-0.068827,0.000000,-0.029653,-0.052839,0.017000,0.001900,-0.076400,0.017327,-0.040519,-0.079768,0.015202,-0.038426,-0.057883,0.014230,-0.023816,-0.047866,0.033100,-0.003774,-0.068300,0.035632,-0.035759,-0.074953,0.032425,-0.039482,-0.058982,0.030302,-0.028546,-0.050696
thumbs_up,1,left,1782948408.8889413,0.000000,0.000000,0.000000,0.025477,-0.012045,-0.022235,0.041098,-0.017523,-0.043855,0.051922,-0.027553,-0.072091,0.048677,-0.038086,-0.092418,0.020170,0.003226,-0.081594,0.020183,-0.033691,-0.081751,0.018297,-0.033783,-0.060198,0.017100,-0.021095,-0.046527,0.000000,0.003975,-0.081300,0.000000,-0.038349,-0.095389,0.000000,-0.042194,-0.072230,0.000000,-0.032232,-0.055290,-0.017000,0.001900,-0.076400,-0.019072,-0.036872,-0.093815,-0.016579,-0.043379,-0.072855,-0.014801,-0.033981,-0.057913,-0.033100,-0.003774,-0.068300,-0.037822,-0.033703,-0.080776,-0.035072,-0.041242,-0.066119,-0.032135,-0.033117,-0.055252
thumbs_up,1,right,1782948408.9101129,0.000000,0.000000,0.000000,-0.025477,-0.012045,-0.022235,-0.039542,-0.019469,-0.044338,-0.045227,-0.032673,-0.072769,-0.034991,-0.044573,-0.089748,-0.020170,0.003226,-0.081594,-0.020183,-0.033691,-0.081751,-0.018296,-0.033783,-0.060198,-0.017099,-0.021095,-0.046527,0.000000,0.003975,-0.081300,0.000000,-0.039271,-0.092234,0.000000,-0.041080,-0.068827,0.000000,-0.029653,-0.052839,0.017000,0.001900,-0.076400,0.017436,-0.040428,-0.080764,0.015246,-0.038854,-0.058841,0.014212,-0.024486,-0.048486,0.033100,-0.003774,-0.068300,0.035854,-0.035612,-0.075541,0.032630,-0.039702,-0.059663,0.030404,-0.028985,-0.051123
thumbs_up,1,left,1782948409.1073275,0.000000,0.000000,0.000000,0.025477,-0.012045,-0.022235,0.041107,-0.017373,-0.043886,0.052171,-0.027147,-0.072119,0.049427,-0.037507,-0.092608,0.020170,0.003226,-0.081594,0.020183,-0.033691,-0.081751,0.018297,-0.033783,-0.060198,0.017100,-0.021095,-0.046527,0.000000,0.003975,-0.081300,0.000000,-0.038349,-0.095389,0.000000,-0.042194,-0.072230,0.000000,-0.032232,-0.055290,-0.017000,0.001900,-0.076400,-0.019112,-0.036750,-0.094079,-0.016616,-0.043453,-0.073181,-0.014820,-0.034209,-0.058147,-0.033100,-0.003774,-0.068300,-0.037939,-0.033552,-0.081089,-0.035210,-0.041307,-0.066541,-0.032226,-0.033379,-0.055543
thumbs_up,1,right,1782948409.1287694,0.000000,0.000000,0.000000,-0.025477,-0.012045,-0.022235,-0.039579,-0.019336,-0.044359,-0.045531,-0.032335,-0.072830,-0.035673,-0.044190,-0.090062,-0.020170,0.003226,-0.081594,-0.020183,-0.033691,-0.081751,-0.018296,-0.033783,-0.060198,-0.017099,-0.021095,-0.046527,0.000000,0.003975,-0.081300,0.000000,-0.039070,-0.093003,0.000000,-0.041354,-0.069637,0.000000,-0.030259,-0.053417,0.017000,0.001900,-0.076400,0.017499,-0.040366,-0.081315,0.015274,-0.039082,-0.059377,0.014205,-0.024852,-0.048837,0.033100,-0.003774,-0.068300,0.036193,-0.035364,-0.076438,0.032950,-0.040024,-0.060723,0.030565,-0.029667,-0.051790
thumbs_up,1,left,1782948409.3079693,0.000000,0.000000,0.000000,0.025477,-0.012045,-0.022235,0.041111,-0.017309,-0.043899,0.052277,-0.026973,-0.072130,0.049749,-0.037256,-0.092685,0.020170,0.003226,-0.081594,0.020183,-0.033691,-0.081751,0.018297,-0.033783,-0.060198,0.017100,-0.021095,-0.046527,0.000000,0.003975,-0.081300,0.000000,-0.038234,-0.095728,0.000000,-0.042311,-0.072609,0.000000,-0.032523,-0.055568,-0.017000,0.001900,-0.076400,-0.019112,-0.036750,-0.094079,-0.016616,-0.043453,-0.073181,-0.014820,-0.034209,-0.058147,-0.033100,-0.003774,-0.068300,-0.038173,-0.033237,-0.081714,-0.035488,-0.041425,-0.067398,-0.032416,-0.033904,-0.056140
thumbs_up,1,right,1782948409.3293614,0.000000,0.000000,0.000000,-0.025477,-0.012045,-0.022235,-0.039588,-0.019303,-0.044364,-0.045607,-0.032250,-0.072845,-0.035844,-0.044093,-0.090139,-0.020170,0.003226,-0.081594,-0.020183,-0.033691,-0.081751,-0.018296,-0.033783,-0.060198,-0.017099,-0.021095,-0.046527,0.000000,0.003975,-0.081300,0.000000,-0.038849,-0.093786,0.000000,-0.041632,-0.070475,0.000000,-0.030893,-0.054017,0.017000,0.001900,-0.076400,0.017659,-0.040186,-0.082662,0.015350,-0.039611,-0.060703,0.014195,-0.025729,-0.049717,0.033100,-0.003774,-0.068300,0.039557,-0.030912,-0.085491,0.036774,-0.041823,-0.073145,0.032987,-0.037305,-0.060576
thumbs_up,1,left,1782948409.5138211,0.000000,0.000000,0.000000,0.025477,-0.012045,-0.022235,0.041126,-0.017013,-0.043958,0.052759,-0.026164,-0.072171,0.051244,-0.036064,-0.093012,0.020170,0.003226,-0.081594,0.020183,-0.033691,-0.081751,0.018297,-0.033783,-0.060198,0.017100,-0.021095,-0.046527,0.000000,0.003975,-0.081300,0.000000,-0.038211,-0.095796,0.000000,-0.042334,-0.072685,0.000000,-0.032581,-0.055624,-0.017000,0.001900,-0.076400,-0.019112,-0.036750,-0.094079,-0.016616,-0.043453,-0.073181,-0.014820,-0.034209,-0.058147,-0.033100,-0.003774,-0.068300,-0.038520,-0.032730,-0.082648,-0.035914,-0.041573,-0.068711,-0.032714,-0.034700,-0.057080
thumbs_up,1,right,1782948409.5346375,0.000000,0.000000,0.000000,-0.025477,-0.012045,-0.022235,-0.039469,-0.019734,-0.044293,-0.044616,-0.033346,-0.072635,-0.033630,-0.045313,-0.089090,-0.020170,0.003226,-0.081594,-0.020183,-0.033691,-0.081751,-0.018296,-0.033783,-0.060198,-0.017099,-0.021095,-0.046527,0.000000,0.003975,-0.081300,0.000000,-0.038849,-0.093786,0.000000,-0.041632,-0.070475,0.000000,-0.030893,-0.054017,0.017000,0.001900,-0.076400,0.017809,-0.039988,-0.083855,0.015427,-0.040046,-0.061896,0.014194,-0.026485,-0.050523,0.033100,-0.003774,-0.068300,0.040779,-0.028200,-0.088748,0.038545,-0.041347,-0.078679,0.034474,-0.040067,-0.065468
thumbs_up,2,left,1782948415.7526965,0.000000,0.000000,0.000000,0.025477,-0.012045,-0.022235,0.041165,-0.014735,-0.044329,0.056089,-0.019800,-0.072017,0.062520,-0.025558,-0.093468,0.020170,0.003226,-0.081594,0.020200,-0.033690,-0.081943,0.018313,-0.033895,-0.060391,0.017110,-0.021279,-0.046654,0.000000,0.003975,-0.081300,0.000000,-0.035275,-0.102495,0.000000,-0.044346,-0.080843,0.000000,-0.038688,-0.062023,-0.017000,0.001900,-0.076400,-0.020317,-0.032580,-0.101118,-0.017877,-0.044876,-0.082932,-0.015584,-0.040692,-0.065845,-0.033100,-0.003774,-0.068300,-0.040483,-0.028940,-0.087944,-0.038621,-0.041498,-0.077079,-0.034896,-0.039309,-0.063885
thumbs_up,2,right,1782948415.7534087,0.000000,0.000000,0.000000,-0.025477,-0.012045,-0.022235,-0.040330,-0.016471,-0.044624,-0.051744,-0.024673,-0.073216,-0.051331,-0.033772,-0.094469,-0.020170,0.003226,-0.081594,-0.020183,-0.033691,-0.081751,-0.018296,-0.033783,-0.060198,-0.017099,-0.021095,-0.046527,0.000000,0.003975,-0.081300,0.000000,-0.034809,-0.103335,0.000000,-0.044544,-0.081972,0.000000,-0.039491,-0.062980,0.017000,0.001900,-0.076400,0.019096,-0.037504,-0.092330,0.016303,-0.042942,-0.071105,0.014410,-0.032742,-0.056714,0.033100,-0.003774,-0.068300,0.036307,-0.035273,-0.076741,0.033059,-0.040128,-0.061086,0.030622,-0.029901,-0.052019
thumbs_up,2,left,1782948415.959418,0.000000,0.000000,0.000000,0.025477,-0.012045,-0.022235,0.041160,-0.014300,-0.044381,0.056659,-0.018559,-0.071888,0.064521,-0.023343,-0.093101,0.020170,0.003226,-0.081594,0.020286,-0.033667,-0.082914,0.018394,-0.034444,-0.061375,0.017159,-0.022197,-0.047312,0.000000,0.003975,-0.081300,0.000000,-0.034487,-0.103894,0.000000,-0.044667,-0.082740,0.000000,-0.040030,-0.063642,-0.017000,0.001900,-0.076400,-0.020460,-0.032019,-0.101862,-0.018047,-0.044935,-0.084107,-0.015706,-0.041408,-0.066879,-0.033100,-0.003774,-0.068300,-0.040483,-0.028940,-0.087944,-0.038621,-0.041498,-0.077079,-0.034896,-0.039309,-0.063885
thumbs_up,2,right,1782948415.9717376,0.000000,0.000000,0.000000,-0.025477,-0.012045,-0.022235,-0.040509,-0.015724,-0.044640,-0.053233,-0.022591,-0.073029,-0.055606,-0.030383,-0.094670,-0.020170,0.003226,-0.081594,-0.020183,-0.033691,-0.081751,-0.018296,-0.033783,-0.060198,-0.017099,-0.021095,-0.046527,0.000000,0.003975,-0.081300,0.000000,-0.034323,-0.104171,0.000000,-0.044724,-0.083124,0.000000,-0.040296,-0.063977,0.017000,0.001900,-0.076400,0.019119,-0.037450,-0.092461,0.016322,-0.042982,-0.071261,0.014417,-0.032850,-0.056822,0.033100,-0.003774,-0.068300,0.036307,-0.035273,-0.076741,0.033059,-0.040128,-0.061086,0.030622,-0.029901,-0.052019
thumbs_up,2,left,1782948416.1618588,0.000000,0.000000,0.000000,0.025477,-0.012045,-0.022235,0.041157,-0.014102,-0.044402,0.056912,-0.017994,-0.071819,0.065400,-0.022326,-0.092886,0.020170,0.003226,-0.081594,0.020329,-0.033646,-0.083407,0.018436,-0.034713,-0.061881,0.017185,-0.022656,-0.047655,0.000000,0.003975,-0.081300,0.000000,-0.033815,-0.105001,0.000000,-0.044885,-0.084299,0.000000,-0.041099,-0.065015,-0.017000,0.001900,-0.076400,-0.020556,-0.031636,-0.102352,-0.018165,-0.044961,-0.084899,-0.015793,-0.041882,-0.067589,-0.033100,-0.003774,-0.068300,-0.040483,-0.028940,-0.087944,-0.038621,-0.041498,-0.077079,-0.034896,-0.039309,-0.063885
thumbs_up,2,right,1782948416.1830199,0.000000,0.000000,0.000000,-0.025477,-0.012045,-0.022235,-0.040279,-0.016680,-0.044616,-0.051316,-0.025251,-0.073247,-0.050142,-0.034673,-0.094330,-0.020170,0.003226,-0.081594,-0.020183,-0.033691,-0.081751,-0.018296,-0.033783,-0.060198,-0.017099,-0.021095,-0.046527,0.000000,0.003975,-0.081300,0.000000,-0.035198,-0.102636,0.000000,-0.044381,-0.081030,0.000000,-0.038823,-0.062180,0.017000,0.001900,-0.076400,0.018155,-0.039445,-0.086405,0.015628,-0.040934,-0.064513,0.014217,-0.028155,-0.052288,0.033100,-0.003774,-0.068300,0.036885,-0.034755,-0.078277,0.033633,-0.040621,-0.062972,0.030928,-0.031110,-0.053227
thumbs_up,2,left,1782948416.3646476,0.000000,0.000000,0.000000,0.025477,-0.012045,-0.022235,0.041153,-0.013903,-0.044423,0.057164,-0.017422,-0.071741,0.066266,-0.021295,-0.092641,0.020170,0.003226,-0.081594,0.020329,-0.033646,-0.083407,0.018436,-0.034713,-0.061881,0.017185,-0.022656,-0.047655,0.000000,0.003975,-0.081300,0.000000,-0.033815,-0.105001,0.000000,-0.044885,-0.084299,0.000000,-0.041099,-0.065015,-0.017000,0.001900,-0.076400,-0.020604,-0.031442,-0.102595,-0.018224,-0.044968,-0.085296,-0.015838,-0.042114,-0.067950,-0.033100,-0.003774,-0.068300,-0.040567,-0.028737,-0.088170,-0.038750,-0.041450,-0.077480,-0.035013,-0.039506,-0.064251
thumbs_up,2,right,1782948416.3879805,0.000000,0.000000,0.000000,-0.025477,-0.012045,-0.022235,-0.040011,-0.017728,-0.044550,-0.049109,-0.028105,-0.073265,-0.044212,-0.038858,-0.093140,-0.020170,0.003226,-0.081594,-0.020232,-0.033685,-0.082299,-0.018340,-0.034099,-0.060751,-0.017124,-0.021617,-0.046893,0.000000,0.003975,-0.081300,0.000000,-0.034725,-0.103484,0.000000,-0.044592,-0.082181,0.000000,-0.039664,-0.063157,0.017000,0.001900,-0.076400,0.018215,-0.039357,-0.086755,0.015672,-0.041139,-0.064886,0.014226,-0.028544,-0.052477,0.033100,-0.003774,-0.068300,0.037197,-0.034430,-0.079123,0.033958,-0.040874,-0.064050,0.031110,-0.031816,-0.053923
thumbs_up,2,left,1782948416.5711918,0.000000,0.000000,0.000000,0.025477,-0.012045,-0.022235,0.041154,-0.013953,-0.044418,0.057101,-0.017568,-0.071761,0.066047,-0.021558,-0.092706,0.020170,0.003226,-0.081594,0.020329,-0.033646,-0.083407,0.018436,-0.034713,-0.061881,0.017185,-0.022656,-0.047655,0.000000,0.003975,-0.081300,0.000000,-0.033815,-0.105001,0.000000,-0.044885,-0.084299,0.000000,-0.041099,-0.065015,-0.017000,0.001900,-0.076400,-0.020436,-0.032114,-0.101739,-0.018018,-0.044927,-0.083910,-0.015686,-0.041290,-0.066704,-0.033100,-0.003774,-0.068300,-0.040567,-0.028737,-0.088170,-0.038750,-0.041450,-0.077480,-0.035013,-0.039506,-0.064251
thumbs_up,2,right,1782948416.6029103,0.000000,0.000000,0.000000,-0.025477,-0.012045,-0.022235,-0.040513,-0.015708,-0.044640,-0.053265,-0.022549,-0.073023,-0.055741,-0.030297,-0.094668,-0.020170,0.003226,-0.081594,-0.022695,-0.022989,-0.107465,-0.021502,-0.040789,-0.095226,-0.019767,-0.046251,-0.077436,0.000000,0.003975,-0.081300,0.000000,0.002065,-0.125866,0.000000,-0.007814,-0.147162,0.000000,-0.022263,-0.160483,0.017000,0.001900,-0.076400,0.024706,-0.006904,-0.117314,0.026783,-0.025931,-0.128338,0.026655,-0.043658,-0.127655,0.033100,-0.003774,-0.068300,0.044400,-0.009898,-0.098442,0.048575,-0.022983,-0.107958,0.049602,-0.036807,-0.108716
thumbs_up,2,left,1782948416.7807872,0.000000,0.000000,0.000000,0.025477,-0.012045,-0.022235,0.041165,-0.015518,-0.044219,0.055013,-0.022015,-0.072166,0.058746,-0.029409,-0.093754,0.020170,0.003226,-0.081594,0.020894,-0.032810,-0.089578,0.019025,-0.038076,-0.068677,0.017554,-0.029240,-0.052274,0.000000,0.003975,-0.081300,0.000000,-0.028288,-0.112104,0.000000,-0.045933,-0.096620,0.000000,-0.049679,-0.077328,-0.017000,0.001900,-0.076400,-0.020982,-0.030004,-0.104276,-0.018740,-0.045135,-0.088342,-0.016254,-0.044214,-0.070800,-0.033100,-0.003774,-0.068300,-0.040245,-0.029443,-0.087373,-0.038288,-0.041657,-0.076139,-0.034607,-0.038970,-0.063025
thumbs_up,2,right,1782948416.8039854,0.000000,0.000000,0.000000,-0.025477,-0.012045,-0.022235,-0.041018,-0.013151,-0.044567,-0.057827,-0.015259,-0.071549,-0.068911,-0.017418,-0.091727,-0.020170,0.003226,-0.081594,-0.023220,-0.016860,-0.112418,-0.023221,-0.038493,-0.112158,-0.022264,-0.054287,-0.102210,0.000000,0.003975,-0.081300,0.000000,0.003376,-0.125903,0.000000,-0.001994,-0.148757,0.000000,-0.011176,-0.166132,0.017000,0.001900,-0.076400,0.025857,-0.001280,-0.117900,0.029742,-0.013214,-0.136077,0.031657,-0.028421,-0.145010,0.033100,-0.003774,-0.068300,0.044741,-0.005475,-0.098883,0.050164,-0.013010,-0.112776,0.053342,-0.024050,-0.120572
thumbs_up,2,left,1782948416.997495,0.000000,0.000000,0.000000,0.025477,-0.012045,-0.022235,0.041143,-0.013352,-0.044469,0.057851,-0.015839,-0.071481,0.068498,-0.018463,-0.091838,0.020170,0.003226,-0.081594,0.023875,-0.002239,-0.117916,0.025378,-0.018014,-0.132646,0.025986,-0.035717,-0.138605,0.000000,0.003975,-0.081300,0.000000,0.003953,-0.125907,0.000000,0.000082,-0.149062,0.000000,-0.007448,-0.167214,-0.017000,0.001900,-0.076400,-0.026135,-0.000566,-0.117888,-0.030247,-0.011626,-0.136560,-0.032363,-0.026387,-0.146171,-0.033100,-0.003774,-0.068300,-0.044417,-0.009667,-0.098481,-0.048531,-0.022557,-0.108287,-0.049504,-0.036357,-0.109445
thumbs_up,2,right,1782948417.009526,0.000000,0.000000,0.000000,-0.025477,-0.012045,-0.022235,-0.039477,-0.019768,-0.044277,-0.044564,-0.033437,-0.072601,-0.033541,-0.045416,-0.089022,-0.020170,0.003226,-0.081594,-0.020183,-0.033691,-0.081751,-0.018296,-0.033783,-0.060198,-0.017099,-0.021095,-0.046527,0.000000,0.003975,-0.081300,0.000000,-0.033282,-0.105829,0.000000,-0.045041,-0.085510,0.000000,-0.041935,-0.066105,0.017000,0.001900,-0.076400,0.017571,-0.040318,-0.081706,0.015326,-0.039298,-0.059757,0.014220,-0.025204,-0.049038,0.033100,-0.003774,-0.068300,0.036176,-0.035359,-0.076464,0.032944,-0.040096,-0.060770,0.030553,-0.029814,-0.051752
thumbs_up,2,left,1782948417.2163143,0.000000,0.000000,0.000000,0.025477,-0.012045,-0.022235,0.041132,-0.012868,-0.044500,0.058434,-0.014440,-0.071205,0.070321,-0.015970,-0.090979,0.020170,0.003226,-0.081594,0.023520,-0.010883,-0.115544,0.023709,-0.032434,-0.117455,0.022885,-0.049132,-0.109102,0.000000,0.003975,-0.081300,0.000000,0.003699,-0.125906,0.000000,-0.003046,-0.148392,0.000000,-0.014782,-0.164155,-0.017000,0.001900,-0.076400,-0.025750,-0.002762,-0.117782,-0.029216,-0.017164,-0.134167,-0.030505,-0.033776,-0.140259,-0.033100,-0.003774,-0.068300,-0.043865,-0.014784,-0.097224,-0.046091,-0.030985,-0.100661,-0.044630,-0.043200,-0.094228
thumbs_up,2,right,1782948417.2290747,0.000000,0.000000,0.000000,-0.025477,-0.012045,-0.022235,-0.038763,-0.022297,-0.043679,-0.038481,-0.039449,-0.070526,-0.021051,-0.050517,-0.080935,-0.020170,0.003226,-0.081594,-0.020183,-0.033691,-0.081751,-0.018296,-0.033783,-0.060198,-0.017099,-0.021095,-0.046527,0.000000,0.003975,-0.081300,0.000000,-0.035499,-0.102075,0.000000,-0.044243,-0.080288,0.000000,-0.038291,-0.061558,0.017000,0.001900,-0.076400,0.017074,-0.040646,-0.077226,0.015121,-0.037235,-0.055491,0.014300,-0.022047,-0.046359,0.033100,-0.003774,-0.068300,0.033236,-0.036539,-0.068657,0.030417,-0.036731,-0.052188,0.029386,-0.024185,-0.046333
thumbs_up,2,left,1782948417.4246793,0.000000,0.000000,0.000000,0.025477,-0.012045,-0.022235,0.041032,-0.018301,-0.043691,0.050551,-0.029639,-0.071903,0.044994,-0.040888,-0.091325,0.020170,0.003226,-0.081594,0.020271,-0.033673,-0.082744,0.018380,-0.034350,-0.061201,0.017151,-0.022037,-0.047195,0.000000,0.003975,-0.081300,0.000000,-0.036729,-0.099549,0.000000,-0.043548,-0.077085,0.000000,-0.035938,-0.058966,-0.017000,0.001900,-0.076400,-0.018725,-0.037861,-0.091462,-0.016275,-0.042674,-0.070045,-0.014662,-0.032028,-0.055945,-0.033100,-0.003774,-0.068300,-0.035414,-0.035890,-0.074377,-0.032515,-0.039250,-0.058267,-0.030595,-0.028111,-0.050206
thumbs_up,2,right,1782948417.436779,0.000000,0.000000,0.000000,-0.025477,-0.012045,-0.022235,-0.038663,-0.022673,-0.043558,-0.037553,-0.040273,-0.070091,-0.019337,-0.050964,-0.079501,-0.020170,0.003226,-0.081594,-0.020183,-0.033691,-0.081751,-0.018296,-0.033783,-0.060198,-0.017099,-0.021095,-0.046527,0.000000,0.003975,-0.081300,0.000000,-0.036140,-0.100808,0.000000,-0.043905,-0.078653,0.000000,-0.037095,-0.060218,0.017000,0.001900,-0.076400,0.017074,-0.040646,-0.077226,0.015121,-0.037235,-0.055491,0.014300,-0.022047,-0.046359,0.033100,-0.003774,-0.068300,0.032796,-0.036530,-0.067507,0.030081,-0.036106,-0.051025,0.029256,-0.023350,-0.045608
thumbs_up,2,left,1782948417.6451504,0.000000,0.000000,0.000000,0.025477,-0.012045,-0.022235,0.040832,-0.020043,-0.043253,0.047232,-0.034121,-0.071107,0.036478,-0.046130,-0.087684,0.020170,0.003226,-0.081594,0.020183,-0.033691,-0.081751,0.018297,-0.033783,-0.060198,0.017100,-0.021095,-0.046527,0.000000,0.003975,-0.081300,0.000000,-0.037443,-0.097863,0.000000,-0.043020,-0.075059,0.000000,-0.034396,-0.057401,-0.017000,0.001900,-0.076400,-0.018260,-0.039006,-0.088058,-0.015902,-0.041509,-0.066239,-0.014516,-0.029335,-0.053409,-0.033100,-0.003774,-0.068300,-0.034884,-0.036156,-0.072981,-0.032009,-0.038693,-0.056717,-0.030318,-0.027122,-0.049233
thumbs_up,2,right,1782948417.6453838,0.000000,0.000000,0.000000,-0.025477,-0.012045,-0.022235,-0.038652,-0.022715,-0.043544,-0.037450,-0.040363,-0.070042,-0.019151,-0.051008,-0.079340,-0.020170,0.003226,-0.081594,-0.020183,-0.033691,-0.081751,-0.018296,-0.033783,-0.060198,-0.017099,-0.021095,-0.046527,0.000000,0.003975,-0.081300,0.000000,-0.036343,-0.100386,0.000000,-0.043786,-0.078121,0.000000,-0.036701,-0.059790,0.017000,0.001900,-0.076400,0.017074,-0.040646,-0.077226,0.015121,-0.037235,-0.055491,0.014300,-0.022047,-0.046359,0.033100,-0.003774,-0.068300,0.032796,-0.036530,-0.067507,0.030081,-0.036106,-0.051025,0.029256,-0.023350,-0.045608
thumbs_up,2,right,1782948417.8531408,0.000000,0.000000,0.000000,-0.025477,-0.012045,-0.022235,-0.038652,-0.022715,-0.043544,-0.037450,-0.040363,-0.070042,-0.019151,-0.051008,-0.079340,-0.020170,0.003226,-0.081594,-0.020183,-0.033691,-0.081751,-0.018296,-0.033783,-0.060198,-0.017099,-0.021095,-0.046527,0.000000,0.003975,-0.081300,0.000000,-0.036343,-0.100386,0.000000,-0.043786,-0.078121,0.000000,-0.036701,-0.059790,0.017000,0.001900,-0.076400,0.017074,-0.040646,-0.077226,0.015121,-0.037235,-0.055491,0.014300,-0.022047,-0.046359,0.033100,-0.003774,-0.068300,0.032796,-0.036530,-0.067507,0.030081,-0.036106,-0.051025,0.029256,-0.023350,-0.045608
thumbs_up,2,left,1782948417.8664932,0.000000,0.000000,0.000000,0.025477,-0.012045,-0.022235,0.040786,-0.020329,-0.043175,0.046636,-0.034831,-0.070933,0.035092,-0.046844,-0.086967,0.020170,0.003226,-0.081594,0.020183,-0.033691,-0.081751,0.018297,-0.033783,-0.060198,0.017100,-0.021095,-0.046527,0.000000,0.003975,-0.081300,0.000000,-0.037098,-0.098701,0.000000,-0.043284,-0.076055,0.000000,-0.035152,-0.058164,-0.017000,0.001900,-0.076400,-0.018052,-0.039445,-0.086414,-0.015749,-0.040931,-0.064497,-0.014464,-0.028151,-0.052260,-0.033100,-0.003774,-0.068300,-0.034384,-0.036343,-0.071665,-0.031547,-0.038146,-0.055297,-0.030067,-0.026235,-0.048319
thumbs_up,2,right,1782948418.0645564,0.000000,0.000000,0.000000,-0.025477,-0.012045,-0.022235,-0.038652,-0.022715,-0.043544,-0.037450,-0.040363,-0.070042,-0.019151,-0.051008,-0.079340,-0.020170,0.003226,-0.081594,-0.020183,-0.033691,-0.081751,-0.018296,-0.033783,-0.060198,-0.017099,-0.021095,-0.046527,0.000000,0.003975,-0.081300,0.000000,-0.036343,-0.100386,0.000000,-0.043786,-0.078121,0.000000,-0.036701,-0.059790,0.017000,0.001900,-0.076400,0.017074,-0.040646,-0.077226,0.015121,-0.037235,-0.055491,0.014300,-0.022047,-0.046359,0.033100,-0.003774,-0.068300,0.032796,-0.036530,-0.067507,0.030081,-0.036106,-0.051025,0.029256,-0.023350,-0.045608
thumbs_up,2,left,1782948418.075851,0.000000,0.000000,0.000000,0.025477,-0.012045,-0.022235,0.040786,-0.020329,-0.043175,0.046636,-0.034831,-0.070933,0.035092,-0.046844,-0.086967,0.020170,0.003226,-0.081594,0.020183,-0.033691,-0.081751,0.018297,-0.033783,-0.060198,0.017100,-0.021095,-0.046527,0.000000,0.003975,-0.081300,0.000000,-0.037098,-0.098701,0.000000,-0.043284,-0.076055,0.000000,-0.035152,-0.058164,-0.017000,0.001900,-0.076400,-0.018052,-0.039445,-0.086414,-0.015749,-0.040931,-0.064497,-0.014464,-0.028151,-0.052260,-0.033100,-0.003774,-0.068300,-0.034384,-0.036343,-0.071665,-0.031547,-0.038146,-0.055297,-0.030067,-0.026235,-0.048319
thumbs_up,2,right,1782948418.2696915,0.000000,0.000000,0.000000,-0.025477,-0.012045,-0.022235,-0.038652,-0.022715,-0.043544,-0.037450,-0.040363,-0.070042,-0.019151,-0.051008,-0.079340,-0.020170,0.003226,-0.081594,-0.020183,-0.033691,-0.081751,-0.018296,-0.033783,-0.060198,-0.017099,-0.021095,-0.046527,0.000000,0.003975,-0.081300,0.000000,-0.036343,-0.100386,0.000000,-0.043786,-0.078121,0.000000,-0.036701,-0.059790,0.017000,0.001900,-0.076400,0.017074,-0.040646,-0.077226,0.015121,-0.037235,-0.055491,0.014300,-0.022047,-0.046359,0.033100,-0.003774,-0.068300,0.032920,-0.036538,-0.067830,0.030175,-0.036286,-0.051349,0.029291,-0.023587,-0.045808
thumbs_up,2,left,1782948418.2925828,0.000000,0.000000,0.000000,0.025477,-0.012045,-0.022235,0.040825,-0.020087,-0.043241,0.047141,-0.034231,-0.071081,0.036264,-0.046243,-0.087576,0.020170,0.003226,-0.081594,0.020183,-0.033691,-0.081751,0.018297,-0.033783,-0.060198,0.017100,-0.021095,-0.046527,0.000000,0.003975,-0.081300,0.000000,-0.036917,-0.099123,0.000000,-0.043415,-0.076564,0.000000,-0.035538,-0.058560,-0.017000,0.001900,-0.076400,-0.018016,-0.039517,-0.086118,-0.015724,-0.040828,-0.064189,-0.014455,-0.027947,-0.052056,-0.033100,-0.003774,-0.068300,-0.034401,-0.036338,-0.071708,-0.031562,-0.038164,-0.055342,-0.030075,-0.026263,-0.048349
thumbs_up,2,right,1782948418.4749193,0.000000,0.000000,0.000000,-0.025477,-0.012045,-0.022235,-0.038652,-0.022715,-0.043544,-0.037450,-0.040363,-0.070042,-0.019151,-0.051008,-0.079340,-0.020170,0.003226,-0.081594,-0.020183,-0.033691,-0.081751,-0.018296,-0.033783,-0.060198,-0.017099,-0.021095,-0.046527,0.000000,0.003975,-0.081300,0.000000,-0.036343,-0.100386,0.000000,-0.043786,-0.078121,0.000000,-0.036701,-0.059790,0.017000,0.001900,-0.076400,0.017074,-0.040646,-0.077226,0.015121,-0.037235,-0.055491,0.014300,-0.022047,-0.046359,0.033100,-0.003774,-0.068300,0.033193,-0.036540,-0.068543,0.030384,-0.036670,-0.052072,0.029373,-0.024103,-0.046260
thumbs_up,2,left,1782948418.4971771,0.000000,0.000000,0.000000,0.025477,-0.012045,-0.022235,0.040855,-0.019888,-0.043294,0.047548,-0.033735,-0.071196,0.037225,-0.045728,-0.088055,0.020170,0.003226,-0.081594,0.020183,-0.033691,-0.081751,0.018297,-0.033783,-0.060198,0.017100,-0.021095,-0.046527,0.000000,0.003975,-0.081300,0.000000,-0.036732,-0.099542,0.000000,-0.043541,-0.077075,0.000000,-0.035921,-0.058961,-0.017000,0.001900,-0.076400,-0.018052,-0.039445,-0.086414,-0.015749,-0.040931,-0.064497,-0.014464,-0.028151,-0.052260,-0.033100,-0.003774,-0.068300,-0.034953,-0.036126,-0.073162,-0.032074,-0.038767,-0.056916,-0.030354,-0.027248,-0.049359
thumbs_up,2,right,1782948418.6804798,0.000000,0.000000,0.000000,-0.025477,-0.012045,-0.022235,-0.038652,-0.022715,-0.043544,-0.037450,-0.040363,-0.070042,-0.019151,-0.051008,-0.079340,-0.020170,0.003226,-0.081594,-0.020183,-0.033691,-0.081751,-0.018296,-0.033783,-0.060198,-0.017099,-0.021095,-0.046527,0.000000,0.003975,-0.081300,0.000000,-0.036343,-0.100386,0.000000,-0.043786,-0.078121,0.000000,-0.036701,-0.059790,0.017000,0.001900,-0.076400,0.017074,-0.040646,-0.077226,0.015121,-0.037235,-0.055491,0.014300,-0.022047,-0.046359,0.033100,-0.003774,-0.068300,0.033342,-0.036534,-0.068932,0.030499,-0.036873,-0.052469,0.029419,-0.024380,-0.046510
thumbs_up,2,left,1782948418.7053003,0.000000,0.000000,0.000000,0.025477,-0.012045,-0.022235,0.040877,-0.019734,-0.043334,0.047860,-0.033346,-0.071281,0.037971,-0.045313,-0.088416,0.020170,0.003226,-0.081594,0.020183,-0.033691,-0.081751,0.018297,-0.033783,-0.060198,0.017100,-0.021095,-0.046527,0.000000,0.003975,-0.081300,0.000000,-0.036732,-0.099542,0.000000,-0.043541,-0.077075,0.000000,-0.035921,-0.058961,-0.017000,0.001900,-0.076400,-0.018052,-0.039445,-0.086414,-0.015749,-0.040931,-0.064497,-0.014464,-0.028151,-0.052260,-0.033100,-0.003774,-0.068300,-0.035092,-0.036060,-0.073528,-0.032206,-0.038914,-0.057319,-0.030426,-0.027503,-0.049614
thumbs_up,2,right,1782948418.8888383,0.000000,0.000000,0.000000,-0.025477,-0.012045,-0.022235,-0.038652,-0.022715,-0.043544,-0.037450,-0.040363,-0.070042,-0.019151,-0.051008,-0.079340,-0.020170,0.003226,-0.081594,-0.020183,-0.033691,-0.081751,-0.018296,-0.033783,-0.060198,-0.017099,-0.021095,-0.046527,0.000000,0.003975,-0.081300,0.000000,-0.036140,-0.100808,0.000000,-0.043905,-0.078653,0.000000,-0.037095,-0.060218,0.017000,0.001900,-0.076400,0.017099,-0.040640,-0.077492,0.015127,-0.037366,-0.055737,0.014291,-0.022236,-0.046511,0.033100,-0.003774,-0.068300,0.033579,-0.036514,-0.069553,0.030686,-0.037185,-0.053109,0.029497,-0.024816,-0.046918
thumbs_up,2,left,1782948418.9221961,0.000000,0.000000,0.000000,0.025477,-0.012045,-0.022235,0.040896,-0.019601,-0.043369,0.048125,-0.033010,-0.071350,0.038609,-0.044947,-0.088717,0.020170,0.003226,-0.081594,0.020183,-0.033691,-0.081751,0.018297,-0.033783,-0.060198,0.017100,-0.021095,-0.046527,0.000000,0.003975,-0.081300,0.000000,-0.036343,-0.100386,0.000000,-0.043787,-0.078121,0.000000,-0.036701,-0.059791,-0.017000,0.001900,-0.076400,-0.018112,-0.039324,-0.086895,-0.015793,-0.041102,-0.065001,-0.014478,-0.028491,-0.052593,-0.033100,-0.003774,-0.068300,-0.035341,-0.035931,-0.074186,-0.032445,-0.039175,-0.058052,-0.030557,-0.027973,-0.050072
thumbs_up,2,right,1782948419.105649,0.000000,0.000000,0.000000,-0.025477,-0.012045,-0.022235,-0.038652,-0.022715,-0.043544,-0.037450,-0.040363,-0.070042,-0.019151,-0.051008,-0.079340,-0.020170,0.003226,-0.081594,-0.020183,-0.033691,-0.081751,-0.018296,-0.033783,-0.060198,-0.017099,-0.021095,-0.046527,0.000000,0.003975,-0.081300,0.000000,-0.036140,-0.100808,0.000000,-0.043905,-0.078653,0.000000,-0.037095,-0.060218,0.017000,0.001900,-0.076400,0.017099,-0.040640,-0.077492,0.015127,-0.037366,-0.055737,0.014291,-0.022236,-0.046511,0.033100,-0.003774,-0.068300,0.033921,-0.036461,-0.070448,0.030959,-0.037613,-0.054043,0.029615,-0.025431,-0.047521
thumbs_up,2,left,1782948419.1281567,0.000000,0.000000,0.000000,0.025477,-0.012045,-0.022235,0.040926,-0.019370,-0.043428,0.048581,-0.032420,-0.071466,0.039722,-0.044287,-0.089224,0.020170,0.003226,-0.081594,0.020183,-0.033691,-0.081751,0.018297,-0.033783,-0.060198,0.017100,-0.021095,-0.046527,0.000000,0.003975,-0.081300,0.000000,-0.036343,-0.100386,0.000000,-0.043787,-0.078121,0.000000,-0.036701,-0.059791,-0.017000,0.001900,-0.076400,-0.018142,-0.039262,-0.087135,-0.015814,-0.041185,-0.065254,-0.014486,-0.028659,-0.052761,-0.033100,-0.003774,-0.068300,-0.035595,-0.035782,-0.074856,-0.032692,-0.039434,-0.058811,-0.030694,-0.028460,-0.050545
thumbs_up,2,right,1782948419.3307776,0.000000,0.000000,0.000000,-0.025477,-0.012045,-0.022235,-0.038652,-0.022715,-0.043544,-0.037450,-0.040363,-0.070042,-0.019151,-0.051008,-0.079340,-0.020170,0.003226,-0.081594,-0.020183,-0.033691,-0.081751,-0.018296,-0.033783,-0.060198,-0.017099,-0.021095,-0.046527,0.000000,0.003975,-0.081300,0.000000,-0.036140,-0.100808,0.000000,-0.043905,-0.078653,0.000000,-0.037095,-0.060218,0.017000,0.001900,-0.076400,0.017159,-0.040619,-0.078124,0.015144,-0.037672,-0.056326,0.014271,-0.022681,-0.046879,0.033100,-0.003774,-0.068300,0.033921,-0.036461,-0.070448,0.030959,-0.037613,-0.054043,0.029615,-0.025431,-0.047521
thumbs_up,2,left,1782948419.3322518,0.000000,0.000000,0.000000,0.025477,-0.012045,-0.022235,0.040952,-0.019160,-0.043481,0.048986,-0.031881,-0.071564,0.040725,-0.043667,-0.089661,0.020170,0.003226,-0.081594,0.020183,-0.033691,-0.081751,0.018297,-0.033783,-0.060198,0.017100,-0.021095,-0.046527,0.000000,0.003975,-0.081300,0.000000,-0.036242,-0.100597,0.000000,-0.043847,-0.078387,0.000000,-0.036899,-0.060004,-0.017000,0.001900,-0.076400,-0.018142,-0.039262,-0.087135,-0.015814,-0.041185,-0.065254,-0.014486,-0.028659,-0.052761,-0.033100,-0.003774,-0.068300,-0.035854,-0.035613,-0.075541,-0.032949,-0.039689,-0.059599,-0.030838,-0.028967,-0.051035
thumbs_up,2,left,1782948419.5323913,0.000000,0.000000,0.000000,0.025477,-0.012045,-0.022235,0.040984,-0.018873,-0.043551,0.049529,-0.031139,-0.071686,0.042090,-0.042785,-0.090224,0.020170,0.003226,-0.081594,0.020183,-0.033691,-0.081751,0.018297,-0.033783,-0.060198,0.017100,-0.021095,-0.046527,0.000000,0.003975,-0.081300,0.000000,-0.036140,-0.100808,0.000000,-0.043905,-0.078653,0.000000,-0.037095,-0.060219,-0.017000,0.001900,-0.076400,-0.018260,-0.039006,-0.088058,-0.015902,-0.041509,-0.066239,-0.014516,-0.029335,-0.053409,-0.033100,-0.003774,-0.068300,-0.035854,-0.035613,-0.075541,-0.032949,-0.039689,-0.059599,-0.030838,-0.028967,-0.051035
thumbs_up,2,right,1782948419.5454621,0.000000,0.000000,0.000000,-0.025477,-0.012045,-0.022235,-0.038652,-0.022715,-0.043544,-0.037450,-0.040363,-0.070042,-0.019151,-0.051008,-0.079340,-0.020170,0.003226,-0.081594,-0.020183,-0.033691,-0.081751,-0.018296,-0.033783,-0.060198,-0.017099,-0.021095,-0.046527,0.000000,0.003975,-0.081300,0.000000,-0.036140,-0.100808,0.000000,-0.043905,-0.078653,0.000000,-0.037095,-0.060218,0.017000,0.001900,-0.076400,0.017159,-0.040619,-0.078124,0.015144,-0.037672,-0.056326,0.014271,-0.022681,-0.046879,0.033100,-0.003774,-0.068300,0.033921,-0.036461,-0.070448,0.030959,-0.037613,-0.054043,0.029615,-0.025431,-0.047521
thumbs_up,2,left,1782948419.7410407,0.000000,0.000000,0.000000,0.025477,-0.012045,-0.022235,0.040986,-0.018851,-0.043556,0.049570,-0.031082,-0.071695,0.042194,-0.042716,-0.090266,0.020170,0.003226,-0.081594,0.020183,-0.033691,-0.081751,0.018297,-0.033783,-0.060198,0.017100,-0.021095,-0.046527,0.000000,0.003975,-0.081300,0.000000,-0.036140,-0.100808,0.000000,-0.043905,-0.078653,0.000000,-0.037095,-0.060219,-0.017000,0.001900,-0.076400,-0.018284,-0.038953,-0.088242,-0.015920,-0.041572,-0.066437,-0.014522,-0.029469,-0.053541,-0.033100,-0.003774,-0.068300,-0.035854,-0.035613,-0.075541,-0.032949,-0.039689,-0.059599,-0.030838,-0.028967,-0.051035
thumbs_up,2,right,1782948419.7538521,0.000000,0.000000,0.000000,-0.025477,-0.012045,-0.022235,-0.038652,-0.022715,-0.043544,-0.037450,-0.040363,-0.070042,-0.019151,-0.051008,-0.079340,-0.020170,0.003226,-0.081594,-0.020183,-0.033691,-0.081751,-0.018296,-0.033783,-0.060198,-0.017099,-0.021095,-0.046527,0.000000,0.003975,-0.081300,0.000000,-0.036140,-0.100808,0.000000,-0.043905,-0.078653,0.000000,-0.037095,-0.060218,0.017000,0.001900,-0.076400,0.017159,-0.040619,-0.078124,0.015144,-0.037672,-0.056326,0.014271,-0.022681,-0.046879,0.033100,-0.003774,-0.068300,0.033921,-0.036461,-0.070448,0.030959,-0.037613,-0.054043,0.029615,-0.025431,-0.047521
thumbs_up,2,left,1782948419.95203,0.000000,0.000000,0.000000,0.025477,-0.012045,-0.022235,0.041005,-0.018675,-0.043598,0.049897,-0.030622,-0.071763,0.043030,-0.042154,-0.090591,0.020170,0.003226,-0.081594,0.020183,-0.033691,-0.081751,0.018297,-0.033783,-0.060198,0.017100,-0.021095,-0.046527,0.000000,0.003975,-0.081300,0.000000,-0.036140,-0.100808,0.000000,-0.043905,-0.078653,0.000000,-0.037095,-0.060219,-0.017000,0.001900,-0.076400,-0.018284,-0.038953,-0.088242,-0.015920,-0.041572,-0.066437,-0.014522,-0.029469,-0.053541,-0.033100,-0.003774,-0.068300,-0.035854,-0.035613,-0.075541,-0.032949,-0.039689,-0.059599,-0.030838,-0.028967,-0.051035
thumbs_up,2,right,1782948419.963586,0.000000,0.000000,0.000000,-0.025477,-0.012045,-0.022235,-0.038652,-0.022715,-0.043544,-0.037450,-0.040363,-0.070042,-0.019151,-0.051008,-0.079340,-0.020170,0.003226,-0.081594,-0.020183,-0.033691,-0.081751,-0.018296,-0.033783,-0.060198,-0.017099,-0.021095,-0.046527,0.000000,0.003975,-0.081300,0.000000,-0.036140,-0.100808,0.000000,-0.043905,-0.078653,0.000000,-0.037095,-0.060218,0.017000,0.001900,-0.076400,0.017159,-0.040619,-0.078124,0.015144,-0.037672,-0.056326,0.014271,-0.022681,-0.046879,0.033100,-0.003774,-0.068300,0.034194,-0.036398,-0.071166,0.031182,-0.037936,-0.054802,0.029715,-0.025913,-0.048018
thumbs_up,2,left,1782948420.1674092,0.000000,0.000000,0.000000,0.025477,-0.012045,-0.022235,0.041018,-0.018544,-0.043629,0.050138,-0.030276,-0.071811,0.043661,-0.041724,-0.090828,0.020170,0.003226,-0.081594,0.020183,-0.033691,-0.081751,0.018297,-0.033783,-0.060198,0.017100,-0.021095,-0.046527,0.000000,0.003975,-0.081300,0.000000,-0.035719,-0.101652,0.000000,-0.044133,-0.079736,0.000000,-0.037889,-0.061103,-0.017000,0.001900,-0.076400,-0.018284,-0.038953,-0.088242,-0.015920,-0.041572,-0.066437,-0.014522,-0.029469,-0.053541,-0.033100,-0.003774,-0.068300,-0.035854,-0.035613,-0.075541,-0.032949,-0.039689,-0.059599,-0.030838,-0.028967,-0.051035
thumbs_up,2,right,1782948420.1676738,0.000000,0.000000,0.000000,-0.025477,-0.012045,-0.022235,-0.038652,-0.022715,-0.043544,-0.037450,-0.040363,-0.070042,-0.019151,-0.051008,-0.079340,-0.020170,0.003226,-0.081594,-0.020183,-0.033691,-0.081751,-0.018296,-0.033783,-0.060198,-0.017099,-0.021095,-0.046527,0.000000,0.003975,-0.081300,0.000000,-0.035718,-0.101652,0.000000,-0.044133,-0.079736,0.000000,-0.037888,-0.061102,0.017000,0.001900,-0.076400,0.017215,-0.040592,-0.078683,0.015162,-0.037935,-0.056852,0.014255,-0.023071,-0.047209,0.033100,-0.003774,-0.068300,0.034631,-0.036258,-0.072315,0.031546,-0.038425,-0.056036,0.029884,-0.026678,-0.048827
thumbs_up,2,left,1782948420.3755808,0.000000,0.000000,0.000000,0.025477,-0.012045,-0.022235,0.041030,-0.018412,-0.043660,0.050376,-0.029930,-0.071856,0.044294,-0.041285,-0.091058,0.020170,0.003226,-0.081594,0.020183,-0.033691,-0.081751,0.018297,-0.033783,-0.060198,0.017100,-0.021095,-0.046527,0.000000,0.003975,-0.081300,0.000000,-0.035719,-0.101652,0.000000,-0.044133,-0.079736,0.000000,-0.037889,-0.061103,-0.017000,0.001900,-0.076400,-0.018284,-0.038953,-0.088242,-0.015920,-0.041572,-0.066437,-0.014522,-0.029469,-0.053541,-0.033100,-0.003774,-0.068300,-0.036193,-0.035364,-0.076438,-0.033292,-0.040008,-0.060651,-0.031034,-0.029646,-0.051692
thumbs_up,2,right,1782948420.375867,0.000000,0.000000,0.000000,-0.025477,-0.012045,-0.022235,-0.038652,-0.022715,-0.043544,-0.037450,-0.040363,-0.070042,-0.019151,-0.051008,-0.079340,-0.020170,0.003226,-0.081594,-0.020183,-0.033691,-0.081751,-0.018296,-0.033783,-0.060198,-0.017099,-0.021095,-0.046527,0.000000,0.003975,-0.081300,0.000000,-0.035718,-0.101652,0.000000,-0.044133,-0.079736,0.000000,-0.037888,-0.061102,0.017000,0.001900,-0.076400,0.017215,-0.040592,-0.078683,0.015162,-0.037935,-0.056852,0.014255,-0.023071,-0.047209,0.033100,-0.003774,-0.068300,0.034781,-0.036200,-0.072709,0.031674,-0.038587,-0.056465,0.029944,-0.026942,-0.049107
thumbs_up,2,left,1782948420.5858698,0.000000,0.000000,0.000000,0.025477,-0.012045,-0.022235,0.041047,-0.018216,-0.043705,0.050728,-0.029410,-0.071919,0.045251,-0.040613,-0.091390,0.020170,0.003226,-0.081594,0.020183,-0.033691,-0.081751,0.018297,-0.033783,-0.060198,0.017100,-0.021095,-0.046527,0.000000,0.003975,-0.081300,0.000000,-0.035719,-0.101652,0.000000,-0.044133,-0.079736,0.000000,-0.037889,-0.061103,-0.017000,0.001900,-0.076400,-0.018383,-0.038724,-0.088995,-0.015996,-0.041832,-0.067257,-0.014550,-0.030038,-0.054084,-0.033100,-0.003774,-0.068300,-0.036537,-0.035078,-0.077352,-0.033649,-0.040314,-0.061748,-0.031243,-0.030352,-0.052382
thumbs_up,2,right,1782948420.597863,0.000000,0.000000,0.000000,-0.025477,-0.012045,-0.022235,-0.038685,-0.022590,-0.043585,-0.037758,-0.040093,-0.070190,-0.019712,-0.050872,-0.079822,-0.020170,0.003226,-0.081594,-0.020183,-0.033691,-0.081751,-0.018296,-0.033783,-0.060198,-0.017099,-0.021095,-0.046527,0.000000,0.003975,-0.081300,0.000000,-0.035718,-0.101652,0.000000,-0.044133,-0.079736,0.000000,-0.037888,-0.061102,0.017000,0.001900,-0.076400,0.017257,-0.040568,-0.079095,0.015176,-0.038124,-0.057242,0.014245,-0.023355,-0.047456,0.033100,-0.003774,-0.068300,0.034798,-0.036193,-0.072754,0.031688,-0.038606,-0.056515,0.029950,-0.026974,-0.049138
thumbs_up,3,left,1782948426.7577922,0.000000,0.000000,0.000000,0.025477,-0.012045,-0.022235,0.041138,-0.016740,-0.044010,0.053192,-0.025415,-0.072197,0.052621,-0.034929,-0.093264,0.020170,0.003226,-0.081594,0.020183,-0.033691,-0.081751,0.018297,-0.033783,-0.060198,0.017100,-0.021095,-0.046527,0.000000,0.003975,-0.081300,0.000000,-0.033815,-0.105001,0.000000,-0.044885,-0.084299,0.000000,-0.041099,-0.065015,-0.017000,0.001900,-0.076400,-0.019493,-0.035543,-0.096465,-0.016981,-0.044078,-0.076248,-0.015014,-0.036332,-0.060410,-0.033100,-0.003774,-0.068300,-0.039681,-0.030702,-0.085772,-0.037444,-0.041744,-0.073431,-0.033882,-0.037409,-0.060732
thumbs_up,3,right,1782948426.7581227,0.000000,0.000000,0.000000,-0.025477,-0.012045,-0.022235,-0.039360,-0.020131,-0.044221,-0.043690,-0.034341,-0.072405,-0.031605,-0.046354,-0.088034,-0.020170,0.003226,-0.081594,-0.020393,-0.033604,-0.084122,-0.018490,-0.035091,-0.062622,-0.017210,-0.023315,-0.048166,0.000000,0.003975,-0.081300,0.000000,-0.032737,-0.106638,0.000000,-0.045143,-0.086707,0.000000,-0.042690,-0.067209,0.017000,0.001900,-0.076400,0.018104,-0.039531,-0.086049,0.015597,-0.040807,-0.064141,0.014212,-0.027907,-0.052042,0.033100,-0.003774,-0.068300,0.036905,-0.034736,-0.078329,0.033653,-0.040636,-0.063037,0.030939,-0.031151,-0.053269
thumbs_up,3,left,1782948426.9594617,0.000000,0.000000,0.000000,0.025477,-0.012045,-0.022235,0.041138,-0.016740,-0.044010,0.053192,-0.025415,-0.072197,0.052621,-0.034929,-0.093264,0.020170,0.003226,-0.081594,0.020183,-0.033691,-0.081751,0.018297,-0.033783,-0.060198,0.017100,-0.021095,-0.046527,0.000000,0.003975,-0.081300,0.000000,-0.033815,-0.105001,0.000000,-0.044885,-0.084299,0.000000,-0.041099,-0.065015,-0.017000,0.001900,-0.076400,-0.019493,-0.035543,-0.096465,-0.016981,-0.044078,-0.076248,-0.015014,-0.036332,-0.060410,-0.033100,-0.003774,-0.068300,-0.039753,-0.030557,-0.085966,-0.037545,-0.041736,-0.073744,-0.033966,-0.037579,-0.060991
thumbs_up,3,right,1782948426.9596672,0.000000,0.000000,0.000000,-0.025477,-0.012045,-0.022235,-0.039396,-0.019999,-0.044246,-0.044000,-0.034011,-0.072486,-0.032278,-0.046016,-0.088395,-0.020170,0.003226,-0.081594,-0.020448,-0.033557,-0.084726,-0.018542,-0.035400,-0.063253,-0.017241,-0.023864,-0.048606,0.000000,0.003975,-0.081300,0.000000,-0.032737,-0.106638,0.000000,-0.045143,-0.086707,0.000000,-0.042690,-0.067209,0.017000,0.001900,-0.076400,0.018104,-0.039531,-0.086049,0.015597,-0.040807,-0.064141,0.014212,-0.027907,-0.052042,0.033100,-0.003774,-0.068300,0.037002,-0.034639,-0.078587,0.033752,-0.040712,-0.063363,0.030994,-0.031359,-0.053482
thumbs_up,3,left,1782948427.1608353,0.000000,0.000000,0.000000,0.025477,-0.012045,-0.022235,0.041142,-0.016615,-0.044034,0.053387,-0.025072,-0.072204,0.053252,-0.034397,-0.093363,0.020170,0.003226,-0.081594,0.020183,-0.033691,-0.081751,0.018297,-0.033783,-0.060198,0.017100,-0.021095,-0.046527,0.000000,0.003975,-0.081300,0.000000,-0.033464,-0.105551,0.000000,-0.044982,-0.085094,0.000000,-0.041634,-0.065729,-0.017000,0.001900,-0.076400,-0.019625,-0.035099,-0.097256,-0.017115,-0.044258,-0.077314,-0.015091,-0.037055,-0.061228,-0.033100,-0.003774,-0.068300,-0.039753,-0.030557,-0.085966,-0.037545,-0.041736,-0.073744,-0.033966,-0.037579,-0.060991
thumbs_up,3,right,1782948427.1610715,0.000000,0.000000,0.000000,-0.025477,-0.012045,-0.022235,-0.039396,-0.019999,-0.044246,-0.044000,-0.034011,-0.072486,-0.032278,-0.046016,-0.088395,-0.020170,0.003226,-0.081594,-0.020448,-0.033557,-0.084726,-0.018542,-0.035400,-0.063253,-0.017241,-0.023864,-0.048606,0.000000,0.003975,-0.081300,0.000000,-0.032737,-0.106638,0.000000,-0.045143,-0.086707,0.000000,-0.042690,-0.067209,0.017000,0.001900,-0.076400,0.018121,-0.039503,-0.086167,0.015607,-0.040849,-0.064264,0.014214,-0.027988,-0.052123,0.033100,-0.003774,-0.068300,0.037002,-0.034639,-0.078587,0.033752,-0.040712,-0.063363,0.030994,-0.031359,-0.053482
thumbs_up,3,left,1782948427.361233,0.000000,0.000000,0.000000,0.025477,-0.012045,-0.022235,0.041142,-0.016615,-0.044034,0.053387,-0.025072,-0.072204,0.053252,-0.034397,-0.093363,0.020170,0.003226,-0.081594,0.020183,-0.033691,-0.081751,0.018297,-0.033783,-0.060198,0.017100,-0.021095,-0.046527,0.000000,0.003975,-0.081300,0.000000,-0.033286,-0.105824,0.000000,-0.045025,-0.085494,0.000000,-0.041898,-0.066092,-0.017000,0.001900,-0.076400,-0.019625,-0.035099,-0.097256,-0.017115,-0.044258,-0.077314,-0.015091,-0.037055,-0.061228,-0.033100,-0.003774,-0.068300,-0.039753,-0.030557,-0.085966,-0.037545,-0.041736,-0.073744,-0.033966,-0.037579,-0.060991
thumbs_up,3,right,1782948427.3616953,0.000000,0.000000,0.000000,-0.025477,-0.012045,-0.022235,-0.039396,-0.019999,-0.044246,-0.044000,-0.034011,-0.072486,-0.032278,-0.046016,-0.088395,-0.020170,0.003226,-0.081594,-0.020448,-0.033557,-0.084726,-0.018542,-0.035400,-0.063253,-0.017241,-0.023864,-0.048606,0.000000,0.003975,-0.081300,0.000000,-0.032737,-0.106638,0.000000,-0.045143,-0.086707,0.000000,-0.042690,-0.067209,0.017000,0.001900,-0.076400,0.018155,-0.039446,-0.086403,0.015628,-0.040932,-0.064510,0.014217,-0.028151,-0.052287,0.033100,-0.003774,-0.068300,0.037041,-0.034599,-0.078691,0.033793,-0.040742,-0.063495,0.031017,-0.031443,-0.053568
thumbs_up,3,left,1782948427.5628247,0.000000,0.000000,0.000000,0.025477,-0.012045,-0.022235,0.041142,-0.016615,-0.044034,0.053387,-0.025072,-0.072204,0.053252,-0.034397,-0.093363,0.020170,0.003226,-0.081594,0.020183,-0.033691,-0.081751,0.018297,-0.033783,-0.060198,0.017100,-0.021095,-0.046527,0.000000,0.003975,-0.081300,0.000000,-0.033286,-0.105824,0.000000,-0.045025,-0.085494,0.000000,-0.041898,-0.066092,-0.017000,0.001900,-0.076400,-0.019625,-0.035099,-0.097256,-0.017115,-0.044258,-0.077314,-0.015091,-0.037055,-0.061228,-0.033100,-0.003774,-0.068300,-0.039967,-0.030112,-0.086544,-0.037851,-0.041697,-0.074690,-0.034221,-0.038086,-0.061785
thumbs_up,3,right,1782948427.563033,0.000000,0.000000,0.000000,-0.025477,-0.012045,-0.022235,-0.039396,-0.019999,-0.044246,-0.044000,-0.034011,-0.072486,-0.032278,-0.046016,-0.088395,-0.020170,0.003226,-0.081594,-0.020448,-0.033557,-0.084726,-0.018542,-0.035400,-0.063253,-0.017241,-0.023864,-0.048606,0.000000,0.003975,-0.081300,0.000000,-0.032737,-0.106638,0.000000,-0.045143,-0.086707,0.000000,-0.042690,-0.067209,0.017000,0.001900,-0.076400,0.018155,-0.039446,-0.086403,0.015628,-0.040932,-0.064510,0.014217,-0.028151,-0.052287,0.033100,-0.003774,-0.068300,0.037197,-0.034436,-0.079107,0.033955,-0.040859,-0.064026,0.031108,-0.031779,-0.053917
thumbs_up,3,left,1782948427.7668262,0.000000,0.000000,0.000000,0.025477,-0.012045,-0.022235,0.041144,-0.016584,-0.044039,0.053435,-0.024986,-0.072206,0.053409,-0.034263,-0.093386,0.020170,0.003226,-0.081594,0.020183,-0.033691,-0.081751,0.018297,-0.033783,-0.060198,0.017100,-0.021095,-0.046527,0.000000,0.003975,-0.081300,0.000000,-0.033286,-0.105824,0.000000,-0.045025,-0.085494,0.000000,-0.041898,-0.066092,-0.017000,0.001900,-0.076400,-0.019692,-0.034869,-0.097650,-0.017184,-0.044341,-0.077855,-0.015132,-0.037418,-0.061650,-0.033100,-0.003774,-0.068300,-0.039967,-0.030112,-0.086544,-0.037851,-0.041697,-0.074690,-0.034221,-0.038086,-0.061785
thumbs_up,3,right,1782948427.781426,0.000000,0.000000,0.000000,-0.025477,-0.012045,-0.022235,-0.039396,-0.019999,-0.044246,-0.044000,-0.034011,-0.072486,-0.032278,-0.046016,-0.088395,-0.020170,0.003226,-0.081594,-0.020448,-0.033557,-0.084726,-0.018542,-0.035400,-0.063253,-0.017241,-0.023864,-0.048606,0.000000,0.003975,-0.081300,0.000000,-0.032737,-0.106638,0.000000,-0.045143,-0.086707,0.000000,-0.042690,-0.067209,0.017000,0.001900,-0.076400,0.018155,-0.039446,-0.086403,0.015628,-0.040932,-0.064510,0.014217,-0.028151,-0.052287,0.033100,-0.003774,-0.068300,0.037236,-0.034394,-0.079211,0.033996,-0.040887,-0.064159,0.031132,-0.031863,-0.054005
thumbs_up,3,left,1782948427.9781287,0.000000,0.000000,0.000000,0.025477,-0.012045,-0.022235,0.041145,-0.016553,-0.044045,0.053483,-0.024900,-0.072207,0.053566,-0.034129,-0.093408,0.020170,0.003226,-0.081594,0.020183,-0.033691,-0.081751,0.018297,-0.033783,-0.060198,0.017100,-0.021095,-0.046527,0.000000,0.003975,-0.081300,0.000000,-0.033286,-0.105824,0.000000,-0.045025,-0.085494,0.000000,-0.041898,-0.066092,-0.017000,0.001900,-0.076400,-0.019692,-0.034869,-0.097650,-0.017184,-0.044341,-0.077855,-0.015132,-0.037418,-0.061650,-0.033100,-0.003774,-0.068300,-0.039967,-0.030112,-0.086544,-0.037851,-0.041697,-0.074690,-0.034221,-0.038086,-0.061785
thumbs_up,3,right,1782948427.988816,0.000000,0.000000,0.000000,-0.025477,-0.012045,-0.022235,-0.039433,-0.019866,-0.044270,-0.044308,-0.033679,-0.072562,-0.032953,-0.045669,-0.088747,-0.020170,0.003226,-0.081594,-0.020448,-0.033557,-0.084726,-0.018542,-0.035400,-0.063253,-0.017241,-0.023864,-0.048606,0.000000,0.003975,-0.081300,0.000000,-0.032737,-0.106638,0.000000,-0.045143,-0.086707,0.000000,-0.042690,-0.067209,0.017000,0.001900,-0.076400,0.018155,-0.039446,-0.086403,0.015628,-0.040932,-0.064510,0.014217,-0.028151,-0.052287,0.033100,-0.003774,-0.068300,0.037236,-0.034394,-0.079211,0.033996,-0.040887,-0.064159,0.031132,-0.031863,-0.054005
thumbs_up,3,left,1782948428.1915576,0.000000,0.000000,0.000000,0.025477,-0.012045,-0.022235,0.041147,-0.016491,-0.044056,0.053578,-0.024729,-0.072210,0.053878,-0.033861,-0.093451,0.020170,0.003226,-0.081594,0.020183,-0.033691,-0.081751,0.018297,-0.033783,-0.060198,0.017100,-0.021095,-0.046527,0.000000,0.003975,-0.081300,0.000000,-0.033286,-0.105824,0.000000,-0.045025,-0.085494,0.000000,-0.041898,-0.066092,-0.017000,0.001900,-0.076400,-0.019692,-0.034869,-0.097650,-0.017184,-0.044341,-0.077855,-0.015132,-0.037418,-0.061650,-0.033100,-0.003774,-0.068300,-0.039967,-0.030112,-0.086544,-0.037851,-0.041697,-0.074690,-0.034221,-0.038086,-0.061785
thumbs_up,3,right,1782948428.204501,0.000000,0.000000,0.000000,-0.025477,-0.012045,-0.022235,-0.039433,-0.019866,-0.044270,-0.044308,-0.033679,-0.072562,-0.032953,-0.045669,-0.088747,-0.020170,0.003226,-0.081594,-0.020448,-0.033557,-0.084726,-0.018542,-0.035400,-0.063253,-0.017241,-0.023864,-0.048606,0.000000,0.003975,-0.081300,0.000000,-0.032737,-0.106638,0.000000,-0.045143,-0.086707,0.000000,-0.042690,-0.067209,0.017000,0.001900,-0.076400,0.018155,-0.039446,-0.086403,0.015628,-0.040932,-0.064510,0.014217,-0.028151,-0.052287,0.033100,-0.003774,-0.068300,0.037236,-0.034394,-0.079211,0.033996,-0.040887,-0.064159,0.031132,-0.031863,-0.054005
thumbs_up,3,left,1782948428.393383,0.000000,0.000000,0.000000,0.025477,-0.012045,-0.022235,0.041156,-0.016154,-0.044116,0.054089,-0.023793,-0.072212,0.055579,-0.032366,-0.093635,0.020170,0.003226,-0.081594,0.020192,-0.033690,-0.081847,0.018305,-0.033839,-0.060294,0.017105,-0.021187,-0.046591,0.000000,0.003975,-0.081300,0.000000,-0.032784,-0.106571,0.000000,-0.045134,-0.086606,0.000000,-0.042625,-0.067115,-0.017000,0.001900,-0.076400,-0.019760,-0.034634,-0.098044,-0.017255,-0.044422,-0.078401,-0.015175,-0.037785,-0.062081,-0.033100,-0.003774,-0.068300,-0.040177,-0.029653,-0.087112,-0.038158,-0.041635,-0.075642,-0.034484,-0.038584,-0.062606
thumbs_up,3,right,1782948428.4057739,0.000000,0.000000,0.000000,-0.025477,-0.012045,-0.022235,-0.039463,-0.019756,-0.044289,-0.044565,-0.033401,-0.072623,-0.033517,-0.045373,-0.089033,-0.020170,0.003226,-0.081594,-0.020448,-0.033557,-0.084726,-0.018542,-0.035400,-0.063253,-0.017241,-0.023864,-0.048606,0.000000,0.003975,-0.081300,0.000000,-0.032168,-0.107442,0.000000,-0.045238,-0.087940,0.000000,-0.043474,-0.068368,0.017000,0.001900,-0.076400,0.018155,-0.039446,-0.086403,0.015628,-0.040932,-0.064510,0.014217,-0.028151,-0.052287,0.033100,-0.003774,-0.068300,0.037236,-0.034394,-0.079211,0.033996,-0.040887,-0.064159,0.031132,-0.031863,-0.054005
thumbs_up,3,left,1782948428.5936072,0.000000,0.000000,0.000000,0.025477,-0.012045,-0.022235,0.041158,-0.016063,-0.044131,0.054225,-0.023539,-0.072209,0.056036,-0.031952,-0.093671,0.020170,0.003226,-0.081594,0.020200,-0.033690,-0.081943,0.018313,-0.033895,-0.060391,0.017110,-0.021279,-0.046654,0.000000,0.003975,-0.081300,0.000000,-0.032737,-0.106638,0.000000,-0.045143,-0.086708,0.000000,-0.042690,-0.067210,-0.017000,0.001900,-0.076400,-0.019828,-0.034395,-0.098434,-0.017327,-0.044495,-0.078951,-0.015219,-0.038147,-0.062519,-0.033100,-0.003774,-0.068300,-0.040483,-0.028940,-0.087944,-0.038621,-0.041498,-0.077079,-0.034896,-0.039309,-0.063885
thumbs_up,3,right,1782948428.6156096,0.000000,0.000000,0.000000,-0.025477,-0.012045,-0.022235,-0.039469,-0.019734,-0.044293,-0.044616,-0.033346,-0.072635,-0.033630,-0.045313,-0.089090,-0.020170,0.003226,-0.081594,-0.020467,-0.033538,-0.084939,-0.018560,-0.035506,-0.063478,-0.017252,-0.024056,-0.048764,0.000000,0.003975,-0.081300,0.000000,-0.032168,-0.107442,0.000000,-0.045238,-0.087940,0.000000,-0.043474,-0.068368,0.017000,0.001900,-0.076400,0.018155,-0.039446,-0.086403,0.015628,-0.040932,-0.064510,0.014217,-0.028151,-0.052287,0.033100,-0.003774,-0.068300,0.037470,-0.034131,-0.079836,0.034245,-0.041050,-0.064972,0.031276,-0.032375,-0.054547
thumbs_up,3,left,1782948428.8029437,0.000000,0.000000,0.000000,0.025477,-0.012045,-0.022235,0.041159,-0.016032,-0.044136,0.054269,-0.023455,-0.072208,0.056188,-0.031815,-0.093681,0.020170,0.003226,-0.081594,0.020200,-0.033690,-0.081943,0.018313,-0.033895,-0.060391,0.017110,-0.021279,-0.046654,0.000000,0.003975,-0.081300,0.000000,-0.032737,-0.106638,0.000000,-0.045143,-0.086708,0.000000,-0.042690,-0.067210,-0.017000,0.001900,-0.076400,-0.019828,-0.034395,-0.098434,-0.017327,-0.044495,-0.078951,-0.015219,-0.038147,-0.062519,-0.033100,-0.003774,-0.068300,-0.040483,-0.028940,-0.087944,-0.038621,-0.041498,-0.077079,-0.034896,-0.039309,-0.063885
thumbs_up,3,right,1782948428.826111,0.000000,0.000000,0.000000,-0.025477,-0.012045,-0.022235,-0.039469,-0.019734,-0.044293,-0.044616,-0.033346,-0.072635,-0.033630,-0.045313,-0.089090,-0.020170,0.003226,-0.081594,-0.020467,-0.033538,-0.084939,-0.018560,-0.035506,-0.063478,-0.017252,-0.024056,-0.048764,0.000000,0.003975,-0.081300,0.000000,-0.032168,-0.107442,0.000000,-0.045238,-0.087940,0.000000,-0.043474,-0.068368,0.017000,0.001900,-0.076400,0.018155,-0.039446,-0.086403,0.015628,-0.040932,-0.064510,0.014217,-0.028151,-0.052287,0.033100,-0.003774,-0.068300,0.037470,-0.034131,-0.079836,0.034245,-0.041050,-0.064972,0.031276,-0.032375,-0.054547
thumbs_up,3,left,1782948429.0101533,0.000000,0.000000,0.000000,0.025477,-0.012045,-0.022235,0.041159,-0.016002,-0.044141,0.054314,-0.023371,-0.072207,0.056339,-0.031676,-0.093691,0.020170,0.003226,-0.081594,0.020200,-0.033690,-0.081943,0.018313,-0.033895,-0.060391,0.017110,-0.021279,-0.046654,0.000000,0.003975,-0.081300,0.000000,-0.032737,-0.106638,0.000000,-0.045143,-0.086708,0.000000,-0.042690,-0.067210,-0.017000,0.001900,-0.076400,-0.019828,-0.034395,-0.098434,-0.017327,-0.044495,-0.078951,-0.015219,-0.038147,-0.062519,-0.033100,-0.003774,-0.068300,-0.040483,-0.028940,-0.087944,-0.038621,-0.041498,-0.077079,-0.034896,-0.039309,-0.063885
thumbs_up,3,right,1782948429.0359313,0.000000,0.000000,0.000000,-0.025477,-0.012045,-0.022235,-0.039469,-0.019734,-0.044293,-0.044616,-0.033346,-0.072635,-0.033630,-0.045313,-0.089090,-0.020170,0.003226,-0.081594,-0.020467,-0.033538,-0.084939,-0.018560,-0.035506,-0.063478,-0.017252,-0.024056,-0.048764,0.000000,0.003975,-0.081300,0.000000,-0.032168,-0.107442,0.000000,-0.045238,-0.087940,0.000000,-0.043474,-0.068368,0.017000,0.001900,-0.076400,0.018155,-0.039446,-0.086403,0.015628,-0.040932,-0.064510,0.014217,-0.028151,-0.052287,0.033100,-0.003774,-0.068300,0.037470,-0.034131,-0.079836,0.034245,-0.041050,-0.064972,0.031276,-0.032375,-0.054547
thumbs_up,3,left,1782948429.218749,0.000000,0.000000,0.000000,0.025477,-0.012045,-0.022235,0.041159,-0.016002,-0.044141,0.054314,-0.023371,-0.072207,0.056339,-0.031676,-0.093691,0.020170,0.003226,-0.081594,0.020200,-0.033690,-0.081943,0.018313,-0.033895,-0.060391,0.017110,-0.021279,-0.046654,0.000000,0.003975,-0.081300,0.000000,-0.032737,-0.106638,0.000000,-0.045143,-0.086708,0.000000,-0.042690,-0.067210,-0.017000,0.001900,-0.076400,-0.019828,-0.034395,-0.098434,-0.017327,-0.044495,-0.078951,-0.015219,-0.038147,-0.062519,-0.033100,-0.003774,-0.068300,-0.040483,-0.028940,-0.087944,-0.038621,-0.041498,-0.077079,-0.034896,-0.039309,-0.063885
thumbs_up,3,right,1782948429.2397108,0.000000,0.000000,0.000000,-0.025477,-0.012045,-0.022235,-0.039469,-0.019734,-0.044293,-0.044616,-0.033346,-0.072635,-0.033630,-0.045313,-0.089090,-0.020170,0.003226,-0.081594,-0.020467,-0.033538,-0.084939,-0.018560,-0.035506,-0.063478,-0.017252,-0.024056,-0.048764,0.000000,0.003975,-0.081300,0.000000,-0.032168,-0.107442,0.000000,-0.045238,-0.087940,0.000000,-0.043474,-0.068368,0.017000,0.001900,-0.076400,0.018172,-0.039416,-0.086523,0.015638,-0.040975,-0.064636,0.014219,-0.028237,-0.052370,0.033100,-0.003774,-0.068300,0.037470,-0.034131,-0.079836,0.034245,-0.041050,-0.064972,0.031276,-0.032375,-0.054547
thumbs_up,3,left,1782948429.419541,0.000000,0.000000,0.000000,0.025477,-0.012045,-0.022235,0.041160,-0.015942,-0.044151,0.054402,-0.023203,-0.072204,0.056640,-0.031401,-0.093709,0.020170,0.003226,-0.081594,0.020264,-0.033676,-0.082668,0.018373,-0.034307,-0.061124,0.017146,-0.021965,-0.047143,0.000000,0.003975,-0.081300,0.000000,-0.032737,-0.106638,0.000000,-0.045143,-0.086708,0.000000,-0.042690,-0.067210,-0.017000,0.001900,-0.076400,-0.019828,-0.034395,-0.098434,-0.017327,-0.044495,-0.078951,-0.015219,-0.038147,-0.062519,-0.033100,-0.003774,-0.068300,-0.040483,-0.028940,-0.087944,-0.038621,-0.041498,-0.077079,-0.034896,-0.039309,-0.063885
thumbs_up,3,right,1782948429.4405923,0.000000,0.000000,0.000000,-0.025477,-0.012045,-0.022235,-0.039506,-0.019601,-0.044316,-0.044922,-0.033010,-0.072704,-0.034310,-0.044947,-0.089424,-0.020170,0.003226,-0.081594,-0.020467,-0.033538,-0.084939,-0.018560,-0.035506,-0.063478,-0.017252,-0.024056,-0.048764,0.000000,0.003975,-0.081300,0.000000,-0.032168,-0.107442,0.000000,-0.045238,-0.087940,0.000000,-0.043474,-0.068368,0.017000,0.001900,-0.076400,0.018259,-0.039262,-0.087122,0.015693,-0.041185,-0.065268,0.014228,-0.028660,-0.052790,0.033100,-0.003774,-0.068300,0.037470,-0.034131,-0.079836,0.034245,-0.041050,-0.064972,0.031276,-0.032375,-0.054547
thumbs_up,3,left,1782948429.6254778,0.000000,0.000000,0.000000,0.025477,-0.012045,-0.022235,0.041161,-0.015882,-0.044161,0.054490,-0.023035,-0.072200,0.056940,-0.031123,-0.093723,0.020170,0.003226,-0.081594,0.020264,-0.033676,-0.082668,0.018373,-0.034307,-0.061124,0.017146,-0.021965,-0.047143,0.000000,0.003975,-0.081300,0.000000,-0.032550,-0.106908,0.000000,-0.045178,-0.087118,0.000000,-0.042955,-0.067592,-0.017000,0.001900,-0.076400,-0.019828,-0.034395,-0.098434,-0.017327,-0.044495,-0.078951,-0.015219,-0.038147,-0.062519,-0.033100,-0.003774,-0.068300,-0.040483,-0.028940,-0.087944,-0.038621,-0.041498,-0.077079,-0.034896,-0.039309,-0.063885
thumbs_up,3,right,1782948429.6569018,0.000000,0.000000,0.000000,-0.025477,-0.012045,-0.022235,-0.039506,-0.019601,-0.044316,-0.044922,-0.033010,-0.072704,-0.034310,-0.044947,-0.089424,-0.020170,0.003226,-0.081594,-0.020467,-0.033538,-0.084939,-0.018560,-0.035506,-0.063478,-0.017252,-0.024056,-0.048764,0.000000,0.003975,-0.081300,0.000000,-0.032168,-0.107442,0.000000,-0.045238,-0.087940,0.000000,-0.043474,-0.068368,0.017000,0.001900,-0.076400,0.018259,-0.039262,-0.087122,0.015693,-0.041185,-0.065268,0.014228,-0.028660,-0.052790,0.033100,-0.003774,-0.068300,0.037470,-0.034131,-0.079836,0.034245,-0.041050,-0.064972,0.031276,-0.032375,-0.054547
thumbs_up,3,left,1782948429.8311455,0.000000,0.000000,0.000000,0.025477,-0.012045,-0.022235,0.041163,-0.015763,-0.044180,0.054663,-0.022702,-0.072192,0.057534,-0.030568,-0.093745,0.020170,0.003226,-0.081594,0.020264,-0.033676,-0.082668,0.018373,-0.034307,-0.061124,0.017146,-0.021965,-0.047143,0.000000,0.003975,-0.081300,0.000000,-0.032169,-0.107443,0.000000,-0.045238,-0.087941,0.000000,-0.043474,-0.068368,-0.017000,0.001900,-0.076400,-0.019828,-0.034395,-0.098434,-0.017327,-0.044495,-0.078951,-0.015219,-0.038147,-0.062519,-0.033100,-0.003774,-0.068300,-0.040483,-0.028940,-0.087944,-0.038621,-0.041498,-0.077079,-0.034896,-0.039309,-0.063885
thumbs_up,3,right,1782948429.8634908,0.000000,0.000000,0.000000,-0.025477,-0.012045,-0.022235,-0.039506,-0.019601,-0.044316,-0.044922,-0.033010,-0.072704,-0.034310,-0.044947,-0.089424,-0.020170,0.003226,-0.081594,-0.020467,-0.033538,-0.084939,-0.018560,-0.035506,-0.063478,-0.017252,-0.024056,-0.048764,0.000000,0.003975,-0.081300,0.000000,-0.032168,-0.107442,0.000000,-0.045238,-0.087940,0.000000,-0.043474,-0.068368,0.017000,0.001900,-0.076400,0.018259,-0.039262,-0.087122,0.015693,-0.041185,-0.065268,0.014228,-0.028660,-0.052790,0.033100,-0.003774,-0.068300,0.037470,-0.034131,-0.079836,0.034245,-0.041050,-0.064972,0.031276,-0.032375,-0.054547
thumbs_up,3,left,1782948430.039986,0.000000,0.000000,0.000000,0.025477,-0.012045,-0.022235,0.041163,-0.015763,-0.044180,0.054663,-0.022702,-0.072192,0.057534,-0.030568,-0.093745,0.020170,0.003226,-0.081594,0.020264,-0.033676,-0.082668,0.018373,-0.034307,-0.061124,0.017146,-0.021965,-0.047143,0.000000,0.003975,-0.081300,0.000000,-0.032169,-0.107443,0.000000,-0.045238,-0.087941,0.000000,-0.043474,-0.068368,-0.017000,0.001900,-0.076400,-0.019896,-0.034150,-0.098824,-0.017401,-0.044565,-0.079506,-0.015265,-0.038512,-0.062967,-0.033100,-0.003774,-0.068300,-0.040483,-0.028940,-0.087944,-0.038621,-0.041498,-0.077079,-0.034896,-0.039309,-0.063885
thumbs_up,3,right,1782948430.0719156,0.000000,0.000000,0.000000,-0.025477,-0.012045,-0.022235,-0.039506,-0.019601,-0.044316,-0.044922,-0.033010,-0.072704,-0.034310,-0.044947,-0.089424,-0.020170,0.003226,-0.081594,-0.020467,-0.033538,-0.084939,-0.018560,-0.035506,-0.063478,-0.017252,-0.024056,-0.048764,0.000000,0.003975,-0.081300,0.000000,-0.032168,-0.107442,0.000000,-0.045238,-0.087940,0.000000,-0.043474,-0.068368,0.017000,0.001900,-0.076400,0.018259,-0.039262,-0.087122,0.015693,-0.041185,-0.065268,0.014228,-0.028660,-0.052790,0.033100,-0.003774,-0.068300,0.037470,-0.034131,-0.079836,0.034245,-0.041050,-0.064972,0.031276,-0.032375,-0.054547
thumbs_up,3,left,1782948430.2447383,0.000000,0.000000,0.000000,0.025477,-0.012045,-0.022235,0.041164,-0.015645,-0.044199,0.054833,-0.022370,-0.072180,0.058121,-0.030011,-0.093755,0.020170,0.003226,-0.081594,0.020264,-0.033676,-0.082668,0.018373,-0.034307,-0.061124,0.017146,-0.021965,-0.047143,0.000000,0.003975,-0.081300,0.000000,-0.032169,-0.107443,0.000000,-0.045238,-0.087941,0.000000,-0.043474,-0.068368,-0.017000,0.001900,-0.076400,-0.019896,-0.034150,-0.098824,-0.017401,-0.044565,-0.079506,-0.015265,-0.038512,-0.062967,-0.033100,-0.003774,-0.068300,-0.040583,-0.028696,-0.088215,-0.038776,-0.041440,-0.077560,-0.035037,-0.039545,-0.064324
thumbs_up,3,right,1782948430.2898562,0.000000,0.000000,0.000000,-0.025477,-0.012045,-0.022235,-0.039506,-0.019601,-0.044316,-0.044922,-0.033010,-0.072704,-0.034310,-0.044947,-0.089424,-0.020170,0.003226,-0.081594,-0.020467,-0.033538,-0.084939,-0.018560,-0.035506,-0.063478,-0.017252,-0.024056,-0.048764,0.000000,0.003975,-0.081300,0.000000,-0.032168,-0.107442,0.000000,-0.045238,-0.087940,0.000000,-0.043474,-0.068368,0.017000,0.001900,-0.076400,0.018259,-0.039262,-0.087122,0.015693,-0.041185,-0.065268,0.014228,-0.028660,-0.052790,0.033100,-0.003774,-0.068300,0.037822,-0.033703,-0.080776,0.034630,-0.041269,-0.066223,0.031507,-0.033155,-0.055399
thumbs_up,3,left,1782948430.446673,0.000000,0.000000,0.000000,0.025477,-0.012045,-0.022235,0.041164,-0.015645,-0.044199,0.054833,-0.022370,-0.072180,0.058121,-0.030011,-0.093755,0.020170,0.003226,-0.081594,0.020264,-0.033676,-0.082668,0.018373,-0.034307,-0.061124,0.017146,-0.021965,-0.047143,0.000000,0.003975,-0.081300,0.000000,-0.032169,-0.107443,0.000000,-0.045238,-0.087941,0.000000,-0.043474,-0.068368,-0.017000,0.001900,-0.076400,-0.019896,-0.034150,-0.098824,-0.017401,-0.044565,-0.079506,-0.015265,-0.038512,-0.062967,-0.033100,-0.003774,-0.068300,-0.040583,-0.028696,-0.088215,-0.038776,-0.041440,-0.077560,-0.035037,-0.039545,-0.064324
thumbs_up,3,right,1782948430.5014002,0.000000,0.000000,0.000000,-0.025477,-0.012045,-0.022235,-0.039506,-0.019601,-0.044316,-0.044922,-0.033010,-0.072704,-0.034310,-0.044947,-0.089424,-0.020170,0.003226,-0.081594,-0.020528,-0.033470,-0.085615,-0.018619,-0.035836,-0.064194,-0.017289,-0.024660,-0.049273,0.000000,0.003975,-0.081300,0.000000,-0.032168,-0.107442,0.000000,-0.045238,-0.087940,0.000000,-0.043474,-0.068368,0.017000,0.001900,-0.076400,0.018259,-0.039262,-0.087122,0.015693,-0.041185,-0.065268,0.014228,-0.028660,-0.052790,0.033100,-0.003774,-0.068300,0.037822,-0.033703,-0.080776,0.034630,-0.041269,-0.066223,0.031507,-0.033155,-0.055399
thumbs_up,3,left,1782948430.653583,0.000000,0.000000,0.000000,0.025477,-0.012045,-0.022235,0.041166,-0.015498,-0.044222,0.055042,-0.021959,-0.072164,0.058844,-0.029314,-0.093753,0.020170,0.003226,-0.081594,0.020264,-0.033676,-0.082668,0.018373,-0.034307,-0.061124,0.017146,-0.021965,-0.047143,0.000000,0.003975,-0.081300,0.000000,-0.032169,-0.107443,0.000000,-0.045238,-0.087941,0.000000,-0.043474,-0.068368,-0.017000,0.001900,-0.076400,-0.019896,-0.034150,-0.098824,-0.017401,-0.044565,-0.079506,-0.015265,-0.038512,-0.062967,-0.033100,-0.003774,-0.068300,-0.040583,-0.028696,-0.088215,-0.038776,-0.041440,-0.077560,-0.035037,-0.039545,-0.064324
thumbs_up,3,right,1782948430.7078097,0.000000,0.000000,0.000000,-0.025477,-0.012045,-0.022235,-0.039506,-0.019601,-0.044316,-0.044922,-0.033010,-0.072704,-0.034310,-0.044947,-0.089424,-0.020170,0.003226,-0.081594,-0.020528,-0.033470,-0.085615,-0.018619,-0.035836,-0.064194,-0.017289,-0.024660,-0.049273,0.000000,0.003975,-0.081300,0.000000,-0.032168,-0.107442,0.000000,-0.045238,-0.087940,0.000000,-0.043474,-0.068368,0.017000,0.001900,-0.076400,0.018259,-0.039262,-0.087122,0.015693,-0.041185,-0.065268,0.014228,-0.028660,-0.052790,0.033100,-0.003774,-0.068300,0.037822,-0.033703,-0.080776,0.034630,-0.041269,-0.066223,0.031507,-0.033155,-0.055399
thumbs_up,3,left,1782948430.865393,0.000000,0.000000,0.000000,0.025477,-0.012045,-0.022235,0.041166,-0.015469,-0.044226,0.055083,-0.021876,-0.072160,0.058988,-0.029174,-0.093750,0.020170,0.003226,-0.081594,0.020264,-0.033676,-0.082668,0.018373,-0.034307,-0.061124,0.017146,-0.021965,-0.047143,0.000000,0.003975,-0.081300,0.000000,-0.032169,-0.107443,0.000000,-0.045238,-0.087941,0.000000,-0.043474,-0.068368,-0.017000,0.001900,-0.076400,-0.019896,-0.034150,-0.098824,-0.017401,-0.044565,-0.079506,-0.015265,-0.038512,-0.062967,-0.033100,-0.003774,-0.068300,-0.040583,-0.028696,-0.088215,-0.038776,-0.041440,-0.077560,-0.035037,-0.039545,-0.064324
thumbs_up,3,right,1782948430.9181445,0.000000,0.000000,0.000000,-0.025477,-0.012045,-0.022235,-0.039506,-0.019601,-0.044316,-0.044922,-0.033010,-0.072704,-0.034310,-0.044947,-0.089424,-0.020170,0.003226,-0.081594,-0.020528,-0.033470,-0.085615,-0.018619,-0.035836,-0.064194,-0.017289,-0.024660,-0.049273,0.000000,0.003975,-0.081300,0.000000,-0.032168,-0.107442,0.000000,-0.045238,-0.087940,0.000000,-0.043474,-0.068368,0.017000,0.001900,-0.076400,0.018259,-0.039262,-0.087122,0.015693,-0.041185,-0.065268,0.014228,-0.028660,-0.052790,0.033100,-0.003774,-0.068300,0.037822,-0.033703,-0.080776,0.034630,-0.041269,-0.066223,0.031507,-0.033155,-0.055399
thumbs_up,3,left,1782948431.070632,0.000000,0.000000,0.000000,0.025477,-0.012045,-0.022235,0.041166,-0.015469,-0.044226,0.055083,-0.021876,-0.072160,0.058988,-0.029174,-0.093750,0.020170,0.003226,-0.081594,0.020264,-0.033676,-0.082668,0.018373,-0.034307,-0.061124,0.017146,-0.021965,-0.047143,0.000000,0.003975,-0.081300,0.000000,-0.032169,-0.107443,0.000000,-0.045238,-0.087941,0.000000,-0.043474,-0.068368,-0.017000,0.001900,-0.076400,-0.019896,-0.034150,-0.098824,-0.017401,-0.044565,-0.079506,-0.015265,-0.038512,-0.062967,-0.033100,-0.003774,-0.068300,-0.040583,-0.028696,-0.088215,-0.038776,-0.041440,-0.077560,-0.035037,-0.039545,-0.064324
thumbs_up,3,right,1782948431.1338546,0.000000,0.000000,0.000000,-0.025477,-0.012045,-0.022235,-0.039506,-0.019601,-0.044316,-0.044922,-0.033010,-0.072704,-0.034310,-0.044947,-0.089424,-0.020170,0.003226,-0.081594,-0.020528,-0.033470,-0.085615,-0.018619,-0.035836,-0.064194,-0.017289,-0.024660,-0.049273,0.000000,0.003975,-0.081300,0.000000,-0.032168,-0.107442,0.000000,-0.045238,-0.087940,0.000000,-0.043474,-0.068368,0.017000,0.001900,-0.076400,0.018259,-0.039262,-0.087122,0.015693,-0.041185,-0.065268,0.014228,-0.028660,-0.052790,0.033100,-0.003774,-0.068300,0.037822,-0.033703,-0.080776,0.034630,-0.041269,-0.066223,0.031507,-0.033155,-0.055399
thumbs_up,3,left,1782948431.2774758,0.000000,0.000000,0.000000,0.025477,-0.012045,-0.022235,0.041166,-0.015469,-0.044226,0.055083,-0.021876,-0.072160,0.058988,-0.029174,-0.093750,0.020170,0.003226,-0.081594,0.020264,-0.033676,-0.082668,0.018373,-0.034307,-0.061124,0.017146,-0.021965,-0.047143,0.000000,0.003975,-0.081300,0.000000,-0.032169,-0.107443,0.000000,-0.045238,-0.087941,0.000000,-0.043474,-0.068368,-0.017000,0.001900,-0.076400,-0.019896,-0.034150,-0.098824,-0.017401,-0.044565,-0.079506,-0.015265,-0.038512,-0.062967,-0.033100,-0.003774,-0.068300,-0.040583,-0.028696,-0.088215,-0.038776,-0.041440,-0.077560,-0.035037,-0.039545,-0.064324
thumbs_up,3,right,1782948431.340993,0.000000,0.000000,0.000000,-0.025477,-0.012045,-0.022235,-0.039506,-0.019601,-0.044316,-0.044922,-0.033010,-0.072704,-0.034310,-0.044947,-0.089424,-0.020170,0.003226,-0.081594,-0.020528,-0.033470,-0.085615,-0.018619,-0.035836,-0.064194,-0.017289,-0.024660,-0.049273,0.000000,0.003975,-0.081300,0.000000,-0.032168,-0.107442,0.000000,-0.045238,-0.087940,0.000000,-0.043474,-0.068368,0.017000,0.001900,-0.076400,0.018259,-0.039262,-0.087122,0.015693,-0.041185,-0.065268,0.014228,-0.028660,-0.052790,0.033100,-0.003774,-0.068300,0.037822,-0.033703,-0.080776,0.034630,-0.041269,-0.066223,0.031507,-0.033155,-0.055399
thumbs_up,3,left,1782948431.4774938,0.000000,0.000000,0.000000,0.025477,-0.012045,-0.022235,0.041166,-0.015353,-0.044243,0.055246,-0.021550,-0.072143,0.059556,-0.028615,-0.093734,0.020170,0.003226,-0.081594,0.020264,-0.033676,-0.082668,0.018373,-0.034307,-0.061124,0.017146,-0.021965,-0.047143,0.000000,0.003975,-0.081300,0.000000,-0.032169,-0.107443,0.000000,-0.045238,-0.087941,0.000000,-0.043474,-0.068368,-0.017000,0.001900,-0.076400,-0.019896,-0.034150,-0.098824,-0.017401,-0.044565,-0.079506,-0.015265,-0.038512,-0.062967,-0.033100,-0.003774,-0.068300,-0.040583,-0.028696,-0.088215,-0.038776,-0.041440,-0.077560,-0.035037,-0.039545,-0.064324
thumbs_up,3,right,1782948431.5729053,0.000000,0.000000,0.000000,-0.025477,-0.012045,-0.022235,-0.039506,-0.019601,-0.044316,-0.044922,-0.033010,-0.072704,-0.034310,-0.044947,-0.089424,-0.020170,0.003226,-0.081594,-0.020528,-0.033470,-0.085615,-0.018619,-0.035836,-0.064194,-0.017289,-0.024660,-0.049273,0.000000,0.003975,-0.081300,0.000000,-0.032168,-0.107442,0.000000,-0.045238,-0.087940,0.000000,-0.043474,-0.068368,0.017000,0.001900,-0.076400,0.018259,-0.039262,-0.087122,0.015693,-0.041185,-0.065268,0.014228,-0.028660,-0.052790,0.033100,-0.003774,-0.068300,0.037822,-0.033703,-0.080776,0.034630,-0.041269,-0.066223,0.031507,-0.033155,-0.055399
thumbs_up,3,left,1782948431.6828816,0.000000,0.000000,0.000000,0.025477,-0.012045,-0.022235,0.041166,-0.015353,-0.044243,0.055246,-0.021550,-0.072143,0.059556,-0.028615,-0.093734,0.020170,0.003226,-0.081594,0.020264,-0.033676,-0.082668,0.018373,-0.034307,-0.061124,0.017146,-0.021965,-0.047143,0.000000,0.003975,-0.081300,0.000000,-0.032169,-0.107443,0.000000,-0.045238,-0.087941,0.000000,-0.043474,-0.068368,-0.017000,0.001900,-0.076400,-0.019896,-0.034150,-0.098824,-0.017401,-0.044565,-0.079506,-0.015265,-0.038512,-0.062967,-0.033100,-0.003774,-0.068300,-0.040550,-0.028778,-0.088125,-0.038724,-0.041460,-0.077399,-0.034990,-0.039467,-0.064177
